,date,weather_code,temperature_2m_max,temperature_2m_min,apparent_temperature_max,apparent_temperature_min,sunrise,sunset,daylight_duration,sunshine_duration,precipitation_sum,rain_sum,snowfall_sum,precipitation_hours,wind_speed_10m_max,wind_gusts_10m_max,wind_direction_10m_dominant
0,2022-01-01 00:00:00+00:00,,,,,,0,0,35246.324,,,,0.0,,,,
1,2022-01-02 00:00:00+00:00,,,,,,0,0,35282.18,,,,0.0,,,,
2,2022-01-03 00:00:00+00:00,,,,,,0,0,35321.137,,,,0.0,,,,
3,2022-01-04 00:00:00+00:00,,,,,,0,0,35363.63,,,,0.0,,,,
4,2022-01-05 00:00:00+00:00,,,,,,0,0,35409.633,,,,0.0,,,,
5,2022-01-06 00:00:00+00:00,,,,,,0,0,35459.03,,,,0.0,,,,
6,2022-01-07 00:00:00+00:00,,,,,,0,0,35511.707,,,,0.0,,,,
7,2022-01-08 00:00:00+00:00,,,,,,0,0,35567.55,,,,0.0,,,,
8,2022-01-09 00:00:00+00:00,,,,,,0,0,35626.445,,,,0.0,,,,
9,2022-01-10 00:00:00+00:00,,,,,,0,0,35688.277,,,,0.0,,,,
10,2022-01-11 00:00:00+00:00,,,,,,0,0,35752.93,,,,0.0,,,,
11,2022-01-12 00:00:00+00:00,,,,,,0,0,35820.285,,,,0.0,,,,
12,2022-01-13 00:00:00+00:00,,,,,,0,0,35890.24,,,,0.0,,,,
13,2022-01-14 00:00:00+00:00,,,,,,0,0,35962.67,,,,0.0,,,,
14,2022-01-15 00:00:00+00:00,,,,,,0,0,36037.47,,,,0.0,,,,
15,2022-01-16 00:00:00+00:00,,,,,,0,0,36114.523,,,,0.0,,,,
16,2022-01-17 00:00:00+00:00,,,,,,0,0,36193.727,,,,0.0,,,,
17,2022-01-18 00:00:00+00:00,,,,,,0,0,36274.97,,,,0.0,,,,
18,2022-01-19 00:00:00+00:00,,,,,,0,0,36358.13,,,,0.0,,,,
19,2022-01-20 00:00:00+00:00,,,,,,0,0,36443.12,,,,0.0,,,,
20,2022-01-21 00:00:00+00:00,,,,,,0,0,36529.824,,,,0.0,,,,
21,2022-01-22 00:00:00+00:00,,,,,,0,0,36618.14,,,,0.0,,,,
22,2022-01-23 00:00:00+00:00,,,,,,0,0,36708.152,,,,0.0,,,,
23,2022-01-24 00:00:00+00:00,,,,,,0,0,36800.81,,,,0.0,,,,
24,2022-01-25 00:00:00+00:00,,,,,,0,0,36896.137,,,,0.0,,,,
25,2022-01-26 00:00:00+00:00,,,,,,0,0,36993.996,,,,0.0,,,,
26,2022-01-27 00:00:00+00:00,,,,,,0,0,37094.223,,,,0.0,,,,
27,2022-01-28 00:00:00+00:00,,,,,,0,0,37196.668,,,,0.0,,,,
28,2022-01-29 00:00:00+00:00,,,,,,0,0,37301.188,,,,0.0,,,,
29,2022-01-30 00:00:00+00:00,,,,,,0,0,37407.63,,,,0.0,,,,
30,2022-01-31 00:00:00+00:00,,,,,,0,0,37515.86,,,,0.0,,,,
31,2022-02-01 00:00:00+00:00,,,,,,0,0,37625.73,,,,0.0,,,,
32,2022-02-02 00:00:00+00:00,,,,,,0,0,37737.105,,,,0.0,,,,
33,2022-02-03 00:00:00+00:00,,,,,,0,0,37849.85,,,,0.0,,,,
34,2022-02-04 00:00:00+00:00,,,,,,0,0,37963.832,,,,0.0,,,,
35,2022-02-05 00:00:00+00:00,,,,,,0,0,38078.91,,,,0.0,,,,
36,2022-02-06 00:00:00+00:00,,,,,,0,0,38194.973,,,,0.0,,,,
37,2022-02-07 00:00:00+00:00,,,,,,0,0,38311.88,,,,0.0,,,,
38,2022-02-08 00:00:00+00:00,,,,,,0,0,38429.51,,,,0.0,,,,
39,2022-02-09 00:00:00+00:00,,,,,,0,0,38547.742,,,,0.0,,,,
40,2022-02-10 00:00:00+00:00,,,,,,0,0,38666.46,,,,0.0,,,,
41,2022-02-11 00:00:00+00:00,,,,,,0,0,38785.54,,,,0.0,,,,
42,2022-02-12 00:00:00+00:00,,,,,,0,0,38905.07,,,,0.0,,,,
43,2022-02-13 00:00:00+00:00,,,,,,0,0,39026.15,,,,0.0,,,,
44,2022-02-14 00:00:00+00:00,,,,,,0,0,39148.85,,,,0.0,,,,
45,2022-02-15 00:00:00+00:00,,,,,,0,0,39273.04,,,,0.0,,,,
46,2022-02-16 00:00:00+00:00,,,,,,0,0,39398.598,,,,0.0,,,,
47,2022-02-17 00:00:00+00:00,,,,,,0,0,39525.395,,,,0.0,,,,
48,2022-02-18 00:00:00+00:00,,,,,,0,0,39653.316,,,,0.0,,,,
49,2022-02-19 00:00:00+00:00,,,,,,0,0,39782.23,,,,0.0,,,,
50,2022-02-20 00:00:00+00:00,,,,,,0,0,39912.02,,,,0.0,,,,
51,2022-02-21 00:00:00+00:00,,,,,,0,0,40042.58,,,,0.0,,,,
52,2022-02-22 00:00:00+00:00,,,,,,0,0,40173.79,,,,0.0,,,,
53,2022-02-23 00:00:00+00:00,,,,,,0,0,40305.53,,,,0.0,,,,
54,2022-02-24 00:00:00+00:00,,,,,,0,0,40437.703,,,,0.0,,,,
55,2022-02-25 00:00:00+00:00,,,,,,0,0,40570.19,,,,0.0,,,,
56,2022-02-26 00:00:00+00:00,,,,,,0,0,40702.89,,,,0.0,,,,
57,2022-02-27 00:00:00+00:00,,,,,,0,0,40835.69,,,,0.0,,,,
58,2022-02-28 00:00:00+00:00,,,,,,0,0,40968.492,,,,0.0,,,,
59,2022-03-01 00:00:00+00:00,,,,,,0,0,41101.184,,,,0.0,,,,
60,2022-03-02 00:00:00+00:00,,,,,,0,0,41233.668,,,,0.0,,,,
61,2022-03-03 00:00:00+00:00,,,,,,0,0,41365.84,,,,0.0,,,,
62,2022-03-04 00:00:00+00:00,,,,,,0,0,41497.785,,,,0.0,,,,
63,2022-03-05 00:00:00+00:00,,,,,,0,0,41630.54,,,,0.0,,,,
64,2022-03-06 00:00:00+00:00,,,,,,0,0,41764.184,,,,0.0,,,,
65,2022-03-07 00:00:00+00:00,,,,,,0,0,41898.633,,,,0.0,,,,
66,2022-03-08 00:00:00+00:00,,,,,,0,0,42033.777,,,,0.0,,,,
67,2022-03-09 00:00:00+00:00,,,,,,0,0,42169.53,,,,0.0,,,,
68,2022-03-10 00:00:00+00:00,,,,,,0,0,42305.797,,,,0.0,,,,
69,2022-03-11 00:00:00+00:00,,,,,,0,0,42442.48,,,,0.0,,,,
70,2022-03-12 00:00:00+00:00,,,,,,0,0,42579.496,,,,0.0,,,,
71,2022-03-13 00:00:00+00:00,,,,,,0,0,42716.742,,,,0.0,,,,
72,2022-03-14 00:00:00+00:00,,,,,,0,0,42854.13,,,,0.0,,,,
73,2022-03-15 00:00:00+00:00,,,,,,0,0,42991.574,,,,0.0,,,,
74,2022-03-16 00:00:00+00:00,,,,,,0,0,43128.98,,,,0.0,,,,
75,2022-03-17 00:00:00+00:00,,,,,,0,0,43266.254,,,,0.0,,,,
76,2022-03-18 00:00:00+00:00,,,,,,0,0,43403.312,,,,0.0,,,,
77,2022-03-19 00:00:00+00:00,,,,,,0,0,43540.055,,,,0.0,,,,
78,2022-03-20 00:00:00+00:00,,,,,,0,0,43676.4,,,,0.0,,,,
79,2022-03-21 00:00:00+00:00,,,,,,0,0,43812.25,,,,0.0,,,,
80,2022-03-22 00:00:00+00:00,,,,,,0,0,43947.51,,,,0.0,,,,
81,2022-03-23 00:00:00+00:00,,,,,,0,0,44082.1,,,,0.0,,,,
82,2022-03-24 00:00:00+00:00,,,,,,0,0,44216.094,,,,0.0,,,,
83,2022-03-25 00:00:00+00:00,,,,,,0,0,44350.445,,,,0.0,,,,
84,2022-03-26 00:00:00+00:00,,,,,,0,0,44485.234,,,,0.0,,,,
85,2022-03-27 00:00:00+00:00,,,,,,0,0,44620.39,,,,0.0,,,,
86,2022-03-28 00:00:00+00:00,,,,,,0,0,44755.824,,,,0.0,,,,
87,2022-03-29 00:00:00+00:00,,,,,,0,0,44891.453,,,,0.0,,,,
88,2022-03-30 00:00:00+00:00,,,,,,0,0,45027.18,,,,0.0,,,,
89,2022-03-31 00:00:00+00:00,,,,,,0,0,45162.934,,,,0.0,,,,
90,2022-04-01 00:00:00+00:00,,,,,,0,0,45298.62,,,,0.0,,,,
91,2022-04-02 00:00:00+00:00,,,,,,0,0,45434.16,,,,0.0,,,,
92,2022-04-03 00:00:00+00:00,,,,,,0,0,45569.453,,,,0.0,,,,
93,2022-04-04 00:00:00+00:00,,,,,,0,0,45704.42,,,,0.0,,,,
94,2022-04-05 00:00:00+00:00,,,,,,0,0,45838.973,,,,0.0,,,,
95,2022-04-06 00:00:00+00:00,,,,,,0,0,45973.01,,,,0.0,,,,
96,2022-04-07 00:00:00+00:00,,,,,,0,0,46106.453,,,,0.0,,,,
97,2022-04-08 00:00:00+00:00,,,,,,0,0,46239.2,,,,0.0,,,,
98,2022-04-09 00:00:00+00:00,,,,,,0,0,46371.16,,,,0.0,,,,
99,2022-04-10 00:00:00+00:00,,,,,,0,0,46502.23,,,,0.0,,,,
100,2022-04-11 00:00:00+00:00,,,,,,0,0,46632.316,,,,0.0,,,,
101,2022-04-12 00:00:00+00:00,,,,,,0,0,46761.316,,,,0.0,,,,
102,2022-04-13 00:00:00+00:00,,,,,,0,0,46889.31,,,,0.0,,,,
103,2022-04-14 00:00:00+00:00,,,,,,0,0,47017.19,,,,0.0,,,,
104,2022-04-15 00:00:00+00:00,,,,,,0,0,47145.055,,,,0.0,,,,
105,2022-04-16 00:00:00+00:00,,,,,,0,0,47272.81,,,,0.0,,,,
106,2022-04-17 00:00:00+00:00,,,,,,0,0,47400.363,,,,0.0,,,,
107,2022-04-18 00:00:00+00:00,,,,,,0,0,47527.633,,,,0.0,,,,
108,2022-04-19 00:00:00+00:00,,,,,,0,0,47654.52,,,,0.0,,,,
109,2022-04-20 00:00:00+00:00,,,,,,0,0,47780.94,,,,0.0,,,,
110,2022-04-21 00:00:00+00:00,,,,,,0,0,47906.793,,,,0.0,,,,
111,2022-04-22 00:00:00+00:00,,,,,,0,0,48031.984,,,,0.0,,,,
112,2022-04-23 00:00:00+00:00,,,,,,0,0,48156.41,,,,0.0,,,,
113,2022-04-24 00:00:00+00:00,,,,,,0,0,48279.98,,,,0.0,,,,
114,2022-04-25 00:00:00+00:00,,,,,,0,0,48402.59,,,,0.0,,,,
115,2022-04-26 00:00:00+00:00,,,,,,0,0,48524.133,,,,0.0,,,,
116,2022-04-27 00:00:00+00:00,,,,,,0,0,48644.5,,,,0.0,,,,
117,2022-04-28 00:00:00+00:00,,,,,,0,0,48763.59,,,,0.0,,,,
118,2022-04-29 00:00:00+00:00,,,,,,0,0,48881.293,,,,0.0,,,,
119,2022-04-30 00:00:00+00:00,,,,,,0,0,48997.492,,,,0.0,,,,
120,2022-05-01 00:00:00+00:00,,,,,,0,0,49112.074,,,,0.0,,,,
121,2022-05-02 00:00:00+00:00,,,,,,0,0,49224.918,,,,0.0,,,,
122,2022-05-03 00:00:00+00:00,,,,,,0,0,49336.074,,,,0.0,,,,
123,2022-05-04 00:00:00+00:00,,,,,,0,0,49446.4,,,,0.0,,,,
124,2022-05-05 00:00:00+00:00,,,,,,0,0,49555.95,,,,0.0,,,,
125,2022-05-06 00:00:00+00:00,,,,,,0,0,49664.63,,,,0.0,,,,
126,2022-05-07 00:00:00+00:00,,,,,,0,0,49772.36,,,,0.0,,,,
127,2022-05-08 00:00:00+00:00,,,,,,0,0,49879.023,,,,0.0,,,,
128,2022-05-09 00:00:00+00:00,,,,,,0,0,49984.547,,,,0.0,,,,
129,2022-05-10 00:00:00+00:00,,,,,,0,0,50088.797,,,,0.0,,,,
130,2022-05-11 00:00:00+00:00,,,,,,0,0,50191.703,,,,0.0,,,,
131,2022-05-12 00:00:00+00:00,,,,,,0,0,50293.14,,,,0.0,,,,
132,2022-05-13 00:00:00+00:00,,,,,,0,0,50393.01,,,,0.0,,,,
133,2022-05-14 00:00:00+00:00,,,,,,0,0,50491.207,,,,0.0,,,,
134,2022-05-15 00:00:00+00:00,,,,,,0,0,50587.617,,,,0.0,,,,
135,2022-05-16 00:00:00+00:00,,,,,,0,0,50682.133,,,,0.0,,,,
136,2022-05-17 00:00:00+00:00,,,,,,0,0,50774.633,,,,0.0,,,,
137,2022-05-18 00:00:00+00:00,,,,,,0,0,50865.01,,,,0.0,,,,
138,2022-05-19 00:00:00+00:00,,,,,,0,0,50953.15,,,,0.0,,,,
139,2022-05-20 00:00:00+00:00,,,,,,0,0,51038.926,,,,0.0,,,,
140,2022-05-21 00:00:00+00:00,,,,,,0,0,51122.227,,,,0.0,,,,
141,2022-05-22 00:00:00+00:00,,,,,,0,0,51202.934,,,,0.0,,,,
142,2022-05-23 00:00:00+00:00,,,,,,0,0,51281.047,,,,0.0,,,,
143,2022-05-24 00:00:00+00:00,,,,,,0,0,51357.223,,,,0.0,,,,
144,2022-05-25 00:00:00+00:00,,,,,,0,0,51431.51,,,,0.0,,,,
145,2022-05-26 00:00:00+00:00,,,,,,0,0,51503.84,,,,0.0,,,,
146,2022-05-27 00:00:00+00:00,,,,,,0,0,51574.14,,,,0.0,,,,
147,2022-05-28 00:00:00+00:00,,,,,,0,0,51642.33,,,,0.0,,,,
148,2022-05-29 00:00:00+00:00,,,,,,0,0,51708.33,,,,0.0,,,,
149,2022-05-30 00:00:00+00:00,,,,,,0,0,51772.066,,,,0.0,,,,
150,2022-05-31 00:00:00+00:00,,,,,,0,0,51833.473,,,,0.0,,,,
151,2022-06-01 00:00:00+00:00,,,,,,0,0,51892.46,,,,0.0,,,,
152,2022-06-02 00:00:00+00:00,,,,,,0,0,51948.957,,,,0.0,,,,
153,2022-06-03 00:00:00+00:00,,,,,,0,0,52002.89,,,,0.0,,,,
154,2022-06-04 00:00:00+00:00,,,,,,0,0,52054.184,,,,0.0,,,,
155,2022-06-05 00:00:00+00:00,,,,,,0,0,52102.75,,,,0.0,,,,
156,2022-06-06 00:00:00+00:00,,,,,,0,0,52148.527,,,,0.0,,,,
157,2022-06-07 00:00:00+00:00,,,,,,0,0,52191.42,,,,0.0,,,,
158,2022-06-08 00:00:00+00:00,,,,,,0,0,52231.38,,,,0.0,,,,
159,2022-06-09 00:00:00+00:00,,,,,,0,0,52268.31,,,,0.0,,,,
160,2022-06-10 00:00:00+00:00,,,,,,0,0,52302.14,,,,0.0,,,,
161,2022-06-11 00:00:00+00:00,,,,,,0,0,52332.805,,,,0.0,,,,
162,2022-06-12 00:00:00+00:00,,,,,,0,0,52360.273,,,,0.0,,,,
163,2022-06-13 00:00:00+00:00,,,,,,0,0,52384.773,,,,0.0,,,,
164,2022-06-14 00:00:00+00:00,,,,,,0,0,52406.34,,,,0.0,,,,
165,2022-06-15 00:00:00+00:00,,,,,,0,0,52424.965,,,,0.0,,,,
166,2022-06-16 00:00:00+00:00,,,,,,0,0,52440.656,,,,0.0,,,,
167,2022-06-17 00:00:00+00:00,,,,,,0,0,52453.41,,,,0.0,,,,
168,2022-06-18 00:00:00+00:00,,,,,,0,0,52463.22,,,,0.0,,,,
169,2022-06-19 00:00:00+00:00,,,,,,0,0,52470.09,,,,0.0,,,,
170,2022-06-20 00:00:00+00:00,,,,,,0,0,52474.027,,,,0.0,,,,
171,2022-06-21 00:00:00+00:00,,,,,,0,0,52475.03,,,,0.0,,,,
172,2022-06-22 00:00:00+00:00,,,,,,0,0,52473.11,,,,0.0,,,,
173,2022-06-23 00:00:00+00:00,,,,,,0,0,52468.27,,,,0.0,,,,
174,2022-06-24 00:00:00+00:00,,,,,,0,0,52460.51,,,,0.0,,,,
175,2022-06-25 00:00:00+00:00,,,,,,0,0,52449.85,,,,0.0,,,,
176,2022-06-26 00:00:00+00:00,,,,,,0,0,52436.297,,,,0.0,,,,
177,2022-06-27 00:00:00+00:00,,,,,,0,0,52419.863,,,,0.0,,,,
178,2022-06-28 00:00:00+00:00,,,,,,0,0,52400.55,,,,0.0,,,,
179,2022-06-29 00:00:00+00:00,,,,,,0,0,52378.387,,,,0.0,,,,
180,2022-06-30 00:00:00+00:00,,,,,,0,0,52353.38,,,,0.0,,,,
181,2022-07-01 00:00:00+00:00,,,,,,0,0,52325.543,,,,0.0,,,,
182,2022-07-02 00:00:00+00:00,,,,,,0,0,52294.836,,,,0.0,,,,
183,2022-07-03 00:00:00+00:00,,,,,,0,0,52260.957,,,,0.0,,,,
184,2022-07-04 00:00:00+00:00,,,,,,0,0,52223.92,,,,0.0,,,,
185,2022-07-05 00:00:00+00:00,,,,,,0,0,52183.816,,,,0.0,,,,
186,2022-07-06 00:00:00+00:00,,,,,,0,0,52140.715,,,,0.0,,,,
187,2022-07-07 00:00:00+00:00,,,,,,0,0,52094.715,,,,0.0,,,,
188,2022-07-08 00:00:00+00:00,,,,,,0,0,52045.883,,,,0.0,,,,
189,2022-07-09 00:00:00+00:00,,,,,,0,0,51994.312,,,,0.0,,,,
190,2022-07-10 00:00:00+00:00,,,,,,0,0,51940.086,,,,0.0,,,,
191,2022-07-11 00:00:00+00:00,,,,,,0,0,51883.28,,,,0.0,,,,
192,2022-07-12 00:00:00+00:00,,,,,,0,0,51823.992,,,,0.0,,,,
193,2022-07-13 00:00:00+00:00,,,,,,0,0,51762.297,,,,0.0,,,,
194,2022-07-14 00:00:00+00:00,,,,,,0,0,51698.277,,,,0.0,,,,
195,2022-07-15 00:00:00+00:00,,,,,,0,0,51632.023,,,,0.0,,,,
196,2022-07-16 00:00:00+00:00,,,,,,0,0,51563.61,,,,0.0,,,,
197,2022-07-17 00:00:00+00:00,,,,,,0,0,51493.125,,,,0.0,,,,
198,2022-07-18 00:00:00+00:00,,,,,,0,0,51420.65,,,,0.0,,,,
199,2022-07-19 00:00:00+00:00,,,,,,0,0,51346.258,,,,0.0,,,,
200,2022-07-20 00:00:00+00:00,,,,,,0,0,51270.035,,,,0.0,,,,
201,2022-07-21 00:00:00+00:00,,,,,,0,0,51192.062,,,,0.0,,,,
202,2022-07-22 00:00:00+00:00,,,,,,0,0,51112.285,,,,0.0,,,,
203,2022-07-23 00:00:00+00:00,,,,,,0,0,51030.01,,,,0.0,,,,
204,2022-07-24 00:00:00+00:00,,,,,,0,0,50945.234,,,,0.0,,,,
205,2022-07-25 00:00:00+00:00,,,,,,0,0,50858.066,,,,0.0,,,,
206,2022-07-26 00:00:00+00:00,,,,,,0,0,50768.63,,,,0.0,,,,
207,2022-07-27 00:00:00+00:00,,,,,,0,0,50677.043,,,,0.0,,,,
208,2022-07-28 00:00:00+00:00,,,,,,0,0,50583.426,,,,0.0,,,,
209,2022-07-29 00:00:00+00:00,,,,,,0,0,50487.89,,,,0.0,,,,
210,2022-07-30 00:00:00+00:00,,,,,,0,0,50390.547,,,,0.0,,,,
211,2022-07-31 00:00:00+00:00,,,,,,0,0,50291.516,,,,0.0,,,,
212,2022-08-01 00:00:00+00:00,,,,,,0,0,50190.9,,,,0.0,,,,
213,2022-08-02 00:00:00+00:00,,,,,,0,0,50088.797,,,,0.0,,,,
214,2022-08-03 00:00:00+00:00,,,,,,0,0,49985.34,,,,0.0,,,,
215,2022-08-04 00:00:00+00:00,,,,,,0,0,49880.61,,,,0.0,,,,
216,2022-08-05 00:00:00+00:00,,,,,,0,0,49774.715,,,,0.0,,,,
217,2022-08-06 00:00:00+00:00,,,,,,0,0,49667.766,,,,0.0,,,,
218,2022-08-07 00:00:00+00:00,,,,,,0,0,49559.848,,,,0.0,,,,
219,2022-08-08 00:00:00+00:00,,,,,,0,0,49451.066,,,,0.0,,,,
220,2022-08-09 00:00:00+00:00,,,,,,0,0,49341.51,,,,0.0,,,,
221,2022-08-10 00:00:00+00:00,,,,,,0,0,49231.28,,,,0.0,,,,
222,2022-08-11 00:00:00+00:00,,,,,,0,0,49120.31,,,,0.0,,,,
223,2022-08-12 00:00:00+00:00,,,,,,0,0,49007.742,,,,0.0,,,,
224,2022-08-13 00:00:00+00:00,,,,,,0,0,48893.55,,,,0.0,,,,
225,2022-08-14 00:00:00+00:00,,,,,,0,0,48777.836,,,,0.0,,,,
226,2022-08-15 00:00:00+00:00,,,,,,0,0,48660.703,,,,0.0,,,,
227,2022-08-16 00:00:00+00:00,,,,,,0,0,48542.266,,,,0.0,,,,
228,2022-08-17 00:00:00+00:00,,,,,,0,0,48422.637,,,,0.0,,,,
229,2022-08-18 00:00:00+00:00,,,,,,0,0,48301.902,,,,0.0,,,,
230,2022-08-19 00:00:00+00:00,,,,,,0,0,48180.18,,,,0.0,,,,
231,2022-08-20 00:00:00+00:00,,,,,,0,0,48057.56,,,,0.0,,,,
232,2022-08-21 00:00:00+00:00,,,,,,0,0,47934.145,,,,0.0,,,,
233,2022-08-22 00:00:00+00:00,,,,,,0,0,47810.02,,,,0.0,,,,
234,2022-08-23 00:00:00+00:00,,,,,,0,0,47685.297,,,,0.0,,,,
235,2022-08-24 00:00:00+00:00,,,,,,0,0,47560.06,,,,0.0,,,,
236,2022-08-25 00:00:00+00:00,,,,,,0,0,47434.387,,,,0.0,,,,
237,2022-08-26 00:00:00+00:00,,,,,,0,0,47308.39,,,,0.0,,,,
238,2022-08-27 00:00:00+00:00,,,,,,0,0,47182.14,,,,0.0,,,,
239,2022-08-28 00:00:00+00:00,,,,,,0,0,47055.73,,,,0.0,,,,
240,2022-08-29 00:00:00+00:00,,,,,,0,0,46929.246,,,,0.0,,,,
241,2022-08-30 00:00:00+00:00,,,,,,0,0,46802.766,,,,0.0,,,,
242,2022-08-31 00:00:00+00:00,,,,,,0,0,46676.227,,,,0.0,,,,
243,2022-09-01 00:00:00+00:00,,,,,,0,0,46548.742,,,,0.0,,,,
244,2022-09-02 00:00:00+00:00,,,,,,0,0,46420.26,,,,0.0,,,,
245,2022-09-03 00:00:00+00:00,,,,,,0,0,46290.87,,,,0.0,,,,
246,2022-09-04 00:00:00+00:00,,,,,,0,0,46160.656,,,,0.0,,,,
247,2022-09-05 00:00:00+00:00,,,,,,0,0,46029.715,,,,0.0,,,,
248,2022-09-06 00:00:00+00:00,,,,,,0,0,45898.133,,,,0.0,,,,
249,2022-09-07 00:00:00+00:00,,,,,,0,0,45765.992,,,,0.0,,,,
250,2022-09-08 00:00:00+00:00,,,,,,0,0,45633.383,,,,0.0,,,,
251,2022-09-09 00:00:00+00:00,,,,,,0,0,45500.387,,,,0.0,,,,
252,2022-09-10 00:00:00+00:00,,,,,,0,0,45367.09,,,,0.0,,,,
253,2022-09-11 00:00:00+00:00,,,,,,0,0,45233.574,,,,0.0,,,,
254,2022-09-12 00:00:00+00:00,,,,,,0,0,45099.92,,,,0.0,,,,
255,2022-09-13 00:00:00+00:00,,,,,,0,0,44966.207,,,,0.0,,,,
256,2022-09-14 00:00:00+00:00,,,,,,0,0,44832.52,,,,0.0,,,,
257,2022-09-15 00:00:00+00:00,,,,,,0,0,44698.93,,,,0.0,,,,
258,2022-09-16 00:00:00+00:00,,,,,,0,0,44565.523,,,,0.0,,,,
259,2022-09-17 00:00:00+00:00,,,,,,0,0,44432.383,,,,0.0,,,,
260,2022-09-18 00:00:00+00:00,,,,,,0,0,44299.58,,,,0.0,,,,
261,2022-09-19 00:00:00+00:00,,,,,,0,0,44167.188,,,,0.0,,,,
262,2022-09-20 00:00:00+00:00,,,,,,0,0,44035.137,,,,0.0,,,,
263,2022-09-21 00:00:00+00:00,,,,,,0,0,43902.516,,,,0.0,,,,
264,2022-09-22 00:00:00+00:00,,,,,,0,0,43769.26,,,,0.0,,,,
265,2022-09-23 00:00:00+00:00,,,,,,0,0,43635.45,,,,0.0,,,,
266,2022-09-24 00:00:00+00:00,,,,,,0,0,43501.17,,,,0.0,,,,
267,2022-09-25 00:00:00+00:00,,,,,,0,0,43366.52,,,,0.0,,,,
268,2022-09-26 00:00:00+00:00,,,,,,0,0,43231.57,,,,0.0,,,,
269,2022-09-27 00:00:00+00:00,,,,,,0,0,43096.418,,,,0.0,,,,
270,2022-09-28 00:00:00+00:00,,,,,,0,0,42961.133,,,,0.0,,,,
271,2022-09-29 00:00:00+00:00,,,,,,0,0,42825.82,,,,0.0,,,,
272,2022-09-30 00:00:00+00:00,,,,,,0,0,42690.56,,,,0.0,,,,
273,2022-10-01 00:00:00+00:00,,,,,,0,0,42555.434,,,,0.0,,,,
274,2022-10-02 00:00:00+00:00,,,,,,0,0,42420.523,,,,0.0,,,,
275,2022-10-03 00:00:00+00:00,,,,,,0,0,42285.926,,,,0.0,,,,
276,2022-10-04 00:00:00+00:00,,,,,,0,0,42151.73,,,,0.0,,,,
277,2022-10-05 00:00:00+00:00,,,,,,0,0,42018.02,,,,0.0,,,,
278,2022-10-06 00:00:00+00:00,,,,,,0,0,41884.883,,,,0.0,,,,
279,2022-10-07 00:00:00+00:00,,,,,,0,0,41752.406,,,,0.0,,,,
280,2022-10-08 00:00:00+00:00,,,,,,0,0,41620.688,,,,0.0,,,,
281,2022-10-09 00:00:00+00:00,,,,,,0,0,41489.816,,,,0.0,,,,
282,2022-10-10 00:00:00+00:00,,,,,,0,0,41359.703,,,,0.0,,,,
283,2022-10-11 00:00:00+00:00,,,,,,0,0,41229.375,,,,0.0,,,,
284,2022-10-12 00:00:00+00:00,,,,,,0,0,41098.74,,,,0.0,,,,
285,2022-10-13 00:00:00+00:00,,,,,,0,0,40967.9,,,,0.0,,,,
286,2022-10-14 00:00:00+00:00,,,,,,0,0,40836.95,,,,0.0,,,,
287,2022-10-15 00:00:00+00:00,,,,,,0,0,40705.992,,,,0.0,,,,
288,2022-10-16 00:00:00+00:00,,,,,,0,0,40575.13,,,,0.0,,,,
289,2022-10-17 00:00:00+00:00,,,,,,0,0,40444.47,,,,0.0,,,,
290,2022-10-18 00:00:00+00:00,,,,,,0,0,40314.1,,,,0.0,,,,
291,2022-10-19 00:00:00+00:00,,,,,,0,0,40184.137,,,,0.0,,,,
292,2022-10-20 00:00:00+00:00,,,,,,0,0,40054.688,,,,0.0,,,,
293,2022-10-21 00:00:00+00:00,,,,,,0,0,39925.85,,,,0.0,,,,
294,2022-10-22 00:00:00+00:00,,,,,,0,0,39797.742,,,,0.0,,,,
295,2022-10-23 00:00:00+00:00,,,,,,0,0,39670.477,,,,0.0,,,,
296,2022-10-24 00:00:00+00:00,,,,,,0,0,39544.16,,,,0.0,,,,
297,2022-10-25 00:00:00+00:00,,,,,,0,0,39418.91,,,,0.0,,,,
298,2022-10-26 00:00:00+00:00,,,,,,0,0,39294.844,,,,0.0,,,,
299,2022-10-27 00:00:00+00:00,,,,,,0,0,39172.074,,,,0.0,,,,
300,2022-10-28 00:00:00+00:00,,,,,,0,0,39050.734,,,,0.0,,,,
301,2022-10-29 00:00:00+00:00,,,,,,0,0,38930.94,,,,0.0,,,,
302,2022-10-30 00:00:00+00:00,,,,,,0,0,38812.625,,,,0.0,,,,
303,2022-10-31 00:00:00+00:00,,,,,,0,0,38694.71,,,,0.0,,,,
304,2022-11-01 00:00:00+00:00,,,,,,0,0,38577.13,,,,0.0,,,,
305,2022-11-02 00:00:00+00:00,,,,,,0,0,38459.99,,,,0.0,,,,
306,2022-11-03 00:00:00+00:00,,,,,,0,0,38343.4,,,,0.0,,,,
307,2022-11-04 00:00:00+00:00,,,,,,0,0,38227.496,,,,0.0,,,,
308,2022-11-05 00:00:00+00:00,,,,,,0,0,38112.387,,,,0.0,,,,
309,2022-11-06 00:00:00+00:00,,,,,,0,0,37998.203,,,,0.0,,,,
310,2022-11-07 00:00:00+00:00,,,,,,0,0,37885.07,,,,0.0,,,,
311,2022-11-08 00:00:00+00:00,,,,,,0,0,37773.117,,,,0.0,,,,
312,2022-11-09 00:00:00+00:00,,,,,,0,0,37662.477,,,,0.0,,,,
313,2022-11-10 00:00:00+00:00,,,,,,0,0,37553.273,,,,0.0,,,,
314,2022-11-11 00:00:00+00:00,,,,,,0,0,37445.645,,,,0.0,,,,
315,2022-11-12 00:00:00+00:00,,,,,,0,0,37339.734,,,,0.0,,,,
316,2022-11-13 00:00:00+00:00,,,,,,0,0,37235.68,,,,0.0,,,,
317,2022-11-14 00:00:00+00:00,,,,,,0,0,37133.62,,,,0.0,,,,
318,2022-11-15 00:00:00+00:00,,,,,,0,0,37033.7,,,,0.0,,,,
319,2022-11-16 00:00:00+00:00,,,,,,0,0,36936.07,,,,0.0,,,,
320,2022-11-17 00:00:00+00:00,,,,,,0,0,36840.88,,,,0.0,,,,
321,2022-11-18 00:00:00+00:00,,,,,,0,0,36748.273,,,,0.0,,,,
322,2022-11-19 00:00:00+00:00,,,,,,0,0,36658.223,,,,0.0,,,,
323,2022-11-20 00:00:00+00:00,,,,,,0,0,36569.75,,,,0.0,,,,
324,2022-11-21 00:00:00+00:00,,,,,,0,0,36482.785,,,,0.0,,,,
325,2022-11-22 00:00:00+00:00,,,,,,0,0,36397.42,,,,0.0,,,,
326,2022-11-23 00:00:00+00:00,,,,,,0,0,36313.79,,,,0.0,,,,
327,2022-11-24 00:00:00+00:00,,,,,,0,0,36231.99,,,,0.0,,,,
328,2022-11-25 00:00:00+00:00,,,,,,0,0,36152.13,,,,0.0,,,,
329,2022-11-26 00:00:00+00:00,,,,,,0,0,36074.336,,,,0.0,,,,
330,2022-11-27 00:00:00+00:00,,,,,,0,0,35998.71,,,,0.0,,,,
331,2022-11-28 00:00:00+00:00,,,,,,0,0,35925.387,,,,0.0,,,,
332,2022-11-29 00:00:00+00:00,,,,,,0,0,35854.46,,,,0.0,,,,
333,2022-11-30 00:00:00+00:00,,,,,,0,0,35786.07,,,,0.0,,,,
334,2022-12-01 00:00:00+00:00,,,,,,0,0,35720.324,,,,0.0,,,,
335,2022-12-02 00:00:00+00:00,,,,,,0,0,35657.344,,,,0.0,,,,
336,2022-12-03 00:00:00+00:00,,,,,,0,0,35597.25,,,,0.0,,,,
337,2022-12-04 00:00:00+00:00,,,,,,0,0,35540.164,,,,0.0,,,,
338,2022-12-05 00:00:00+00:00,,,,,,0,0,35486.207,,,,0.0,,,,
339,2022-12-06 00:00:00+00:00,,,,,,0,0,35435.5,,,,0.0,,,,
340,2022-12-07 00:00:00+00:00,,,,,,0,0,35388.16,,,,0.0,,,,
341,2022-12-08 00:00:00+00:00,,,,,,0,0,35344.316,,,,0.0,,,,
342,2022-12-09 00:00:00+00:00,,,,,,0,0,35303.977,,,,0.0,,,,
343,2022-12-10 00:00:00+00:00,,,,,,0,0,35266.637,,,,0.0,,,,
344,2022-12-11 00:00:00+00:00,,,,,,0,0,35232.246,,,,0.0,,,,
345,2022-12-12 00:00:00+00:00,,,,,,0,0,35200.816,,,,0.0,,,,
346,2022-12-13 00:00:00+00:00,,,,,,0,0,35172.395,,,,0.0,,,,
347,2022-12-14 00:00:00+00:00,,,,,,0,0,35146.992,,,,0.0,,,,
348,2022-12-15 00:00:00+00:00,,,,,,0,0,35124.652,,,,0.0,,,,
349,2022-12-16 00:00:00+00:00,,,,,,0,0,35105.402,,,,0.0,,,,
350,2022-12-17 00:00:00+00:00,,,,,,0,0,35089.26,,,,0.0,,,,
351,2022-12-18 00:00:00+00:00,,,,,,0,0,35076.254,,,,0.0,,,,
352,2022-12-19 00:00:00+00:00,,,,,,0,0,35066.4,,,,0.0,,,,
353,2022-12-20 00:00:00+00:00,,,,,,0,0,35059.73,,,,0.0,,,,
354,2022-12-21 00:00:00+00:00,,,,,,0,0,35056.266,,,,0.0,,,,
355,2022-12-22 00:00:00+00:00,,,,,,0,0,35056.02,,,,0.0,,,,
356,2022-12-23 00:00:00+00:00,,,,,,0,0,35059.016,,,,0.0,,,,
357,2022-12-24 00:00:00+00:00,,,,,,0,0,35065.258,,,,0.0,,,,
358,2022-12-25 00:00:00+00:00,,,,,,0,0,35074.78,,,,0.0,,,,
359,2022-12-26 00:00:00+00:00,,,,,,0,0,35087.58,,,,0.0,,,,
360,2022-12-27 00:00:00+00:00,,,,,,0,0,35103.676,,,,0.0,,,,
361,2022-12-28 00:00:00+00:00,,,,,,0,0,35123.082,,,,0.0,,,,
362,2022-12-29 00:00:00+00:00,,,,,,0,0,35145.848,,,,0.0,,,,
363,2022-12-30 00:00:00+00:00,,,,,,0,0,35172.22,,,,0.0,,,,
364,2022-12-31 00:00:00+00:00,,,,,,0,0,35202.164,,,,0.0,,,,
365,2023-01-01 00:00:00+00:00,,,,,,0,0,35235.58,,,,0.0,,,,
366,2023-01-02 00:00:00+00:00,,,,,,0,0,35272.395,,,,0.0,,,,
367,2023-01-03 00:00:00+00:00,,,,,,0,0,35312.504,,,,0.0,,,,
368,2023-01-04 00:00:00+00:00,,,,,,0,0,35355.816,,,,0.0,,,,
369,2023-01-05 00:00:00+00:00,,,,,,0,0,35402.25,,,,0.0,,,,
370,2023-01-06 00:00:00+00:00,,,,,,0,0,35451.703,,,,0.0,,,,
371,2023-01-07 00:00:00+00:00,,,,,,0,0,35504.086,,,,0.0,,,,
372,2023-01-08 00:00:00+00:00,,,,,,0,0,35559.305,,,,0.0,,,,
373,2023-01-09 00:00:00+00:00,,,,,,0,0,35617.266,,,,0.0,,,,
374,2023-01-10 00:00:00+00:00,,,,,,0,0,35677.875,,,,0.0,,,,
375,2023-01-11 00:00:00+00:00,,,,,,0,0,35741.04,,,,0.0,,,,
376,2023-01-12 00:00:00+00:00,,,,,,0,0,35806.664,,,,0.0,,,,
377,2023-01-13 00:00:00+00:00,,,,,,0,0,35874.66,,,,0.0,,,,
378,2023-01-14 00:00:00+00:00,,,,,,0,0,35944.934,,,,0.0,,,,
379,2023-01-15 00:00:00+00:00,,,,,,0,0,36017.395,,,,0.0,,,,
380,2023-01-16 00:00:00+00:00,,,,,,0,0,36091.953,,,,0.0,,,,
381,2023-01-17 00:00:00+00:00,,,,,,0,0,36168.516,,,,0.0,,,,
382,2023-01-18 00:00:00+00:00,,,,,,0,0,36247.156,,,,0.0,,,,
383,2023-01-19 00:00:00+00:00,,,,,,0,0,36328.74,,,,0.0,,,,
384,2023-01-20 00:00:00+00:00,,,,,,0,0,36413.273,,,,0.0,,,,
385,2023-01-21 00:00:00+00:00,,,,,,0,0,36500.617,,,,0.0,,,,
386,2023-01-22 00:00:00+00:00,,,,,,0,0,36590.605,,,,0.0,,,,
387,2023-01-23 00:00:00+00:00,,,,,,0,0,36683.094,,,,0.0,,,,
388,2023-01-24 00:00:00+00:00,,,,,,0,0,36777.938,,,,0.0,,,,
389,2023-01-25 00:00:00+00:00,,,,,,0,0,36874.996,,,,0.0,,,,
390,2023-01-26 00:00:00+00:00,,,,,,0,0,36974.117,,,,0.0,,,,
391,2023-01-27 00:00:00+00:00,,,,,,0,0,37075.164,,,,0.0,,,,
392,2023-01-28 00:00:00+00:00,,,,,,0,0,37178.0,,,,0.0,,,,
393,2023-01-29 00:00:00+00:00,,,,,,0,0,37282.48,,,,0.0,,,,
394,2023-01-30 00:00:00+00:00,,,,,,0,0,37388.49,,,,0.0,,,,
395,2023-01-31 00:00:00+00:00,,,,,,0,0,37495.87,,,,0.0,,,,
396,2023-02-01 00:00:00+00:00,,,,,,0,0,37604.508,,,,0.0,,,,
397,2023-02-02 00:00:00+00:00,,,,,,0,0,37714.273,,,,0.0,,,,
398,2023-02-03 00:00:00+00:00,,,,,,0,0,37825.04,,,,0.0,,,,
399,2023-02-04 00:00:00+00:00,,,,,,0,0,37936.684,,,,0.0,,,,
400,2023-02-05 00:00:00+00:00,,,,,,0,0,38049.082,,,,0.0,,,,
401,2023-02-06 00:00:00+00:00,,,,,,0,0,38162.12,,,,0.0,,,,
402,2023-02-07 00:00:00+00:00,,,,,,0,0,38275.875,,,,0.0,,,,
403,2023-02-08 00:00:00+00:00,,,,,,0,0,38391.453,,,,0.0,,,,
404,2023-02-09 00:00:00+00:00,,,,,,0,0,38508.902,,,,0.0,,,,
405,2023-02-10 00:00:00+00:00,,,,,,0,0,38628.094,,,,0.0,,,,
406,2023-02-11 00:00:00+00:00,,,,,,0,0,38748.89,,,,0.0,,,,
407,2023-02-12 00:00:00+00:00,,,,,,0,0,38871.15,,,,0.0,,,,
408,2023-02-13 00:00:00+00:00,,,,,,0,0,38994.75,,,,0.0,,,,
409,2023-02-14 00:00:00+00:00,,,,,,0,0,39119.56,,,,0.0,,,,
410,2023-02-15 00:00:00+00:00,,,,,,0,0,39245.45,,,,0.0,,,,
411,2023-02-16 00:00:00+00:00,,,,,,0,0,39372.297,,,,0.0,,,,
412,2023-02-17 00:00:00+00:00,,,,,,0,0,39499.984,,,,0.0,,,,
413,2023-02-18 00:00:00+00:00,,,,,,0,0,39628.38,,,,0.0,,,,
414,2023-02-19 00:00:00+00:00,,,,,,0,0,39757.375,,,,0.0,,,,
415,2023-02-20 00:00:00+00:00,,,,,,0,0,39886.848,,,,0.0,,,,
416,2023-02-21 00:00:00+00:00,,,,,,0,0,40016.695,,,,0.0,,,,
417,2023-02-22 00:00:00+00:00,,,,,,0,0,40146.793,,,,0.0,,,,
418,2023-02-23 00:00:00+00:00,,,,,,0,0,40277.03,,,,0.0,,,,
419,2023-02-24 00:00:00+00:00,,,,,,0,0,40407.305,,,,0.0,,,,
420,2023-02-25 00:00:00+00:00,,,,,,0,0,40537.504,,,,0.0,,,,
421,2023-02-26 00:00:00+00:00,,,,,,0,0,40667.52,,,,0.0,,,,
422,2023-02-27 00:00:00+00:00,,,,,,0,0,40797.44,,,,0.0,,,,
423,2023-02-28 00:00:00+00:00,,,,,,0,0,40928.324,,,,0.0,,,,
424,2023-03-01 00:00:00+00:00,,,,,,0,0,41060.254,,,,0.0,,,,
425,2023-03-02 00:00:00+00:00,,,,,,0,0,41193.13,,,,0.0,,,,
426,2023-03-03 00:00:00+00:00,,,,,,0,0,41326.844,,,,0.0,,,,
427,2023-03-04 00:00:00+00:00,,,,,,0,0,41461.305,,,,0.0,,,,
428,2023-03-05 00:00:00+00:00,,,,,,0,0,41596.402,,,,0.0,,,,
429,2023-03-06 00:00:00+00:00,,,,,,0,0,41732.043,,,,0.0,,,,
430,2023-03-07 00:00:00+00:00,,,,,,0,0,41868.13,,,,0.0,,,,
431,2023-03-08 00:00:00+00:00,,,,,,0,0,42004.56,,,,0.0,,,,
432,2023-03-09 00:00:00+00:00,,,,,,0,0,42141.242,,,,0.0,,,,
433,2023-03-10 00:00:00+00:00,,,,,,0,0,42278.09,,,,0.0,,,,
434,2023-03-11 00:00:00+00:00,,,,,,0,0,42414.996,,,,0.0,,,,
435,2023-03-12 00:00:00+00:00,,,,,,0,0,42551.87,,,,0.0,,,,
436,2023-03-13 00:00:00+00:00,,,,,,0,0,42688.625,,,,0.0,,,,
437,2023-03-14 00:00:00+00:00,,,,,,0,0,42825.16,,,,0.0,,,,
438,2023-03-15 00:00:00+00:00,,,,,,0,0,42961.38,,,,0.0,,,,
439,2023-03-16 00:00:00+00:00,,,,,,0,0,43097.203,,,,0.0,,,,
440,2023-03-17 00:00:00+00:00,,,,,,0,0,43232.523,,,,0.0,,,,
441,2023-03-18 00:00:00+00:00,,,,,,0,0,43367.258,,,,0.0,,,,
442,2023-03-19 00:00:00+00:00,,,,,,0,0,43501.48,,,,0.0,,,,
443,2023-03-20 00:00:00+00:00,,,,,,0,0,43636.168,,,,0.0,,,,
444,2023-03-21 00:00:00+00:00,,,,,,0,0,43771.402,,,,0.0,,,,
445,2023-03-22 00:00:00+00:00,,,,,,0,0,43907.105,,,,0.0,,,,
446,2023-03-23 00:00:00+00:00,,,,,,0,0,44043.184,,,,0.0,,,,
447,2023-03-24 00:00:00+00:00,,,,,,0,0,44179.56,,,,0.0,,,,
448,2023-03-25 00:00:00+00:00,,,,,,0,0,44316.145,,,,0.0,,,,
449,2023-03-26 00:00:00+00:00,,,,,,0,0,44452.848,,,,0.0,,,,
450,2023-03-27 00:00:00+00:00,,,,,,0,0,44589.594,,,,0.0,,,,
451,2023-03-28 00:00:00+00:00,,,,,,0,0,44726.285,,,,0.0,,,,
452,2023-03-29 00:00:00+00:00,,,,,,0,0,44862.848,,,,0.0,,,,
453,2023-03-30 00:00:00+00:00,,,,,,0,0,44999.188,,,,0.0,,,,
454,2023-03-31 00:00:00+00:00,,,,,,0,0,45135.215,,,,0.0,,,,
455,2023-04-01 00:00:00+00:00,,,,,,0,0,45270.84,,,,0.0,,,,
456,2023-04-02 00:00:00+00:00,,,,,,0,0,45405.977,,,,0.0,,,,
457,2023-04-03 00:00:00+00:00,,,,,,0,0,45540.54,,,,0.0,,,,
458,2023-04-04 00:00:00+00:00,,,,,,0,0,45674.42,,,,0.0,,,,
459,2023-04-05 00:00:00+00:00,,,,,,0,0,45807.543,,,,0.0,,,,
460,2023-04-06 00:00:00+00:00,,,,,,0,0,45939.81,,,,0.0,,,,
461,2023-04-07 00:00:00+00:00,,,,,,0,0,46071.117,,,,0.0,,,,
462,2023-04-08 00:00:00+00:00,,,,,,0,0,46201.535,,,,0.0,,,,
463,2023-04-09 00:00:00+00:00,,,,,,0,0,46331.996,,,,0.0,,,,
464,2023-04-10 00:00:00+00:00,,,,,,0,0,46462.58,,,,0.0,,,,
465,2023-04-11 00:00:00+00:00,,,,,,0,0,46593.195,,,,0.0,,,,
466,2023-04-12 00:00:00+00:00,,,,,,0,0,46723.766,,,,0.0,,,,
467,2023-04-13 00:00:00+00:00,,,,,,0,0,46854.195,,,,0.0,,,,
468,2023-04-14 00:00:00+00:00,,,,,,0,0,46984.4,,,,0.0,,,,
469,2023-04-15 00:00:00+00:00,,,,,,0,0,47114.29,,,,0.0,,,,
470,2023-04-16 00:00:00+00:00,,,,,,0,0,47243.76,,,,0.0,,,,
471,2023-04-17 00:00:00+00:00,,,,,,0,0,47372.734,,,,0.0,,,,
472,2023-04-18 00:00:00+00:00,,,,,,0,0,47501.11,,,,0.0,,,,
473,2023-04-19 00:00:00+00:00,,,,,,0,0,47628.793,,,,0.0,,,,
474,2023-04-20 00:00:00+00:00,,,,,,0,0,47755.68,,,,0.0,,,,
475,2023-04-21 00:00:00+00:00,,,,,,0,0,47881.67,,,,0.0,,,,
476,2023-04-22 00:00:00+00:00,,,,,,0,0,48006.676,,,,0.0,,,,
477,2023-04-23 00:00:00+00:00,,,,,,0,0,48130.58,,,,0.0,,,,
478,2023-04-24 00:00:00+00:00,,,,,,0,0,48253.273,,,,0.0,,,,
479,2023-04-25 00:00:00+00:00,,,,,,0,0,48374.652,,,,0.0,,,,
480,2023-04-26 00:00:00+00:00,,,,,,0,0,48494.61,,,,0.0,,,,
481,2023-04-27 00:00:00+00:00,,,,,,0,0,48613.027,,,,0.0,,,,
482,2023-04-28 00:00:00+00:00,,,,,,0,0,48729.965,,,,0.0,,,,
483,2023-04-29 00:00:00+00:00,,,,,,0,0,48846.29,,,,0.0,,,,
484,2023-04-30 00:00:00+00:00,,,,,,0,0,48962.074,,,,0.0,,,,
485,2023-05-01 00:00:00+00:00,,,,,,0,0,49077.234,,,,0.0,,,,
486,2023-05-02 00:00:00+00:00,,,,,,0,0,49191.668,,,,0.0,,,,
487,2023-05-03 00:00:00+00:00,,,,,,0,0,49305.285,,,,0.0,,,,
488,2023-05-04 00:00:00+00:00,,,,,,0,0,49417.977,,,,0.0,,,,
489,2023-05-05 00:00:00+00:00,,,,,,0,0,49529.656,,,,0.0,,,,
490,2023-05-06 00:00:00+00:00,,,,,,0,0,49640.21,,,,0.0,,,,
491,2023-05-07 00:00:00+00:00,,,,,,0,0,49749.54,,,,0.0,,,,
492,2023-05-08 00:00:00+00:00,,,,,,0,0,49857.547,,,,0.0,,,,
493,2023-05-09 00:00:00+00:00,,,,,,0,0,49964.105,,,,0.0,,,,
494,2023-05-10 00:00:00+00:00,,,,,,0,0,50069.12,,,,0.0,,,,
495,2023-05-11 00:00:00+00:00,,,,,,0,0,50172.473,,,,0.0,,,,
496,2023-05-12 00:00:00+00:00,,,,,,0,0,50274.055,,,,0.0,,,,
497,2023-05-13 00:00:00+00:00,,,,,,0,0,50373.74,,,,0.0,,,,
498,2023-05-14 00:00:00+00:00,,,,,,0,0,50471.426,,,,0.0,,,,
499,2023-05-15 00:00:00+00:00,,,,,,0,0,50566.98,,,,0.0,,,,
500,2023-05-16 00:00:00+00:00,,,,,,0,0,50660.293,,,,0.0,,,,
501,2023-05-17 00:00:00+00:00,,,,,,0,0,50751.234,,,,0.0,,,,
502,2023-05-18 00:00:00+00:00,,,,,,0,0,50839.816,,,,0.0,,,,
503,2023-05-19 00:00:00+00:00,,,,,,0,0,50926.777,,,,0.0,,,,
504,2023-05-20 00:00:00+00:00,,,,,,0,0,51012.16,,,,0.0,,,,
505,2023-05-21 00:00:00+00:00,,,,,,0,0,51095.89,,,,0.0,,,,
506,2023-05-22 00:00:00+00:00,,,,,,0,0,51177.883,,,,0.0,,,,
507,2023-05-23 00:00:00+00:00,,,,,,0,0,51258.043,,,,0.0,,,,
508,2023-05-24 00:00:00+00:00,,,,,,0,0,51336.297,,,,0.0,,,,
509,2023-05-25 00:00:00+00:00,,,,,,0,0,51412.547,,,,0.0,,,,
510,2023-05-26 00:00:00+00:00,,,,,,0,0,51486.71,,,,0.0,,,,
511,2023-05-27 00:00:00+00:00,,,,,,0,0,51558.695,,,,0.0,,,,
512,2023-05-28 00:00:00+00:00,,,,,,0,0,51628.414,,,,0.0,,,,
513,2023-05-29 00:00:00+00:00,,,,,,0,0,51695.777,,,,0.0,,,,
514,2023-05-30 00:00:00+00:00,,,,,,0,0,51760.69,,,,0.0,,,,
515,2023-05-31 00:00:00+00:00,,,,,,0,0,51823.066,,,,0.0,,,,
516,2023-06-01 00:00:00+00:00,,,,,,0,0,51882.812,,,,0.0,,,,
517,2023-06-02 00:00:00+00:00,,,,,,0,0,51939.83,,,,0.0,,,,
518,2023-06-03 00:00:00+00:00,,,,,,0,0,51994.04,,,,0.0,,,,
519,2023-06-04 00:00:00+00:00,,,,,,0,0,52045.332,,,,0.0,,,,
520,2023-06-05 00:00:00+00:00,,,,,,0,0,52093.637,,,,0.0,,,,
521,2023-06-06 00:00:00+00:00,,,,,,0,0,52138.848,,,,0.0,,,,
522,2023-06-07 00:00:00+00:00,,,,,,0,0,52180.945,,,,0.0,,,,
523,2023-06-08 00:00:00+00:00,,,,,,0,0,52220.297,,,,0.0,,,,
524,2023-06-09 00:00:00+00:00,,,,,,0,0,52256.938,,,,0.0,,,,
525,2023-06-10 00:00:00+00:00,,,,,,0,0,52290.84,,,,0.0,,,,
526,2023-06-11 00:00:00+00:00,,,,,,0,0,52321.98,,,,0.0,,,,
527,2023-06-12 00:00:00+00:00,,,,,,0,0,52350.336,,,,0.0,,,,
528,2023-06-13 00:00:00+00:00,,,,,,0,0,52375.875,,,,0.0,,,,
529,2023-06-14 00:00:00+00:00,,,,,,0,0,52398.586,,,,0.0,,,,
530,2023-06-15 00:00:00+00:00,,,,,,0,0,52418.438,,,,0.0,,,,
531,2023-06-16 00:00:00+00:00,,,,,,0,0,52435.418,,,,0.0,,,,
532,2023-06-17 00:00:00+00:00,,,,,,0,0,52449.5,,,,0.0,,,,
533,2023-06-18 00:00:00+00:00,,,,,,0,0,52460.67,,,,0.0,,,,
534,2023-06-19 00:00:00+00:00,,,,,,0,0,52468.91,,,,0.0,,,,
535,2023-06-20 00:00:00+00:00,,,,,,0,0,52474.207,,,,0.0,,,,
536,2023-06-21 00:00:00+00:00,,,,,,0,0,52476.543,,,,0.0,,,,
537,2023-06-22 00:00:00+00:00,,,,,,0,0,52475.902,,,,0.0,,,,
538,2023-06-23 00:00:00+00:00,,,,,,0,0,52472.277,,,,0.0,,,,
539,2023-06-24 00:00:00+00:00,,,,,,0,0,52465.656,,,,0.0,,,,
540,2023-06-25 00:00:00+00:00,,,,,,0,0,52456.03,,,,0.0,,,,
541,2023-06-26 00:00:00+00:00,,,,,,0,0,52443.383,,,,0.0,,,,
542,2023-06-27 00:00:00+00:00,,,,,,0,0,52427.688,,,,0.0,,,,
543,2023-06-28 00:00:00+00:00,,,,,,0,0,52408.766,,,,0.0,,,,
544,2023-06-29 00:00:00+00:00,,,,,,0,0,52386.65,,,,0.0,,,,
545,2023-06-30 00:00:00+00:00,,,,,,0,0,52361.395,,,,0.0,,,,
546,2023-07-01 00:00:00+00:00,,,,,,0,0,52333.062,,,,0.0,,,,
547,2023-07-02 00:00:00+00:00,,,,,,0,0,52301.723,,,,0.0,,,,
548,2023-07-03 00:00:00+00:00,,,,,,0,0,52267.44,,,,0.0,,,,
549,2023-07-04 00:00:00+00:00,,,,,,0,0,52230.28,,,,0.0,,,,
550,2023-07-05 00:00:00+00:00,,,,,,0,0,52190.305,,,,0.0,,,,
551,2023-07-06 00:00:00+00:00,,,,,,0,0,52147.59,,,,0.0,,,,
552,2023-07-07 00:00:00+00:00,,,,,,0,0,52102.195,,,,0.0,,,,
553,2023-07-08 00:00:00+00:00,,,,,,0,0,52054.195,,,,0.0,,,,
554,2023-07-09 00:00:00+00:00,,,,,,0,0,52003.65,,,,0.0,,,,
555,2023-07-10 00:00:00+00:00,,,,,,0,0,51950.633,,,,0.0,,,,
556,2023-07-11 00:00:00+00:00,,,,,,0,0,51895.215,,,,0.0,,,,
557,2023-07-12 00:00:00+00:00,,,,,,0,0,51837.46,,,,0.0,,,,
558,2023-07-13 00:00:00+00:00,,,,,,0,0,51777.44,,,,0.0,,,,
559,2023-07-14 00:00:00+00:00,,,,,,0,0,51715.227,,,,0.0,,,,
560,2023-07-15 00:00:00+00:00,,,,,,0,0,51650.883,,,,0.0,,,,
561,2023-07-16 00:00:00+00:00,,,,,,0,0,51584.473,,,,0.0,,,,
562,2023-07-17 00:00:00+00:00,,,,,,0,0,51515.96,,,,0.0,,,,
563,2023-07-18 00:00:00+00:00,,,,,,0,0,51444.72,,,,0.0,,,,
564,2023-07-19 00:00:00+00:00,,,,,,0,0,51370.754,,,,0.0,,,,
565,2023-07-20 00:00:00+00:00,,,,,,0,0,51294.176,,,,0.0,,,,
566,2023-07-21 00:00:00+00:00,,,,,,0,0,51215.105,,,,0.0,,,,
567,2023-07-22 00:00:00+00:00,,,,,,0,0,51133.656,,,,0.0,,,,
568,2023-07-23 00:00:00+00:00,,,,,,0,0,51049.938,,,,0.0,,,,
569,2023-07-24 00:00:00+00:00,,,,,,0,0,50964.066,,,,0.0,,,,
570,2023-07-25 00:00:00+00:00,,,,,,0,0,50876.152,,,,0.0,,,,
571,2023-07-26 00:00:00+00:00,,,,,,0,0,50786.293,,,,0.0,,,,
572,2023-07-27 00:00:00+00:00,,,,,,0,0,50694.613,,,,0.0,,,,
573,2023-07-28 00:00:00+00:00,,,,,,0,0,50601.207,,,,0.0,,,,
574,2023-07-29 00:00:00+00:00,,,,,,0,0,50506.19,,,,0.0,,,,
575,2023-07-30 00:00:00+00:00,,,,,,0,0,50409.656,,,,0.0,,,,
576,2023-07-31 00:00:00+00:00,,,,,,0,0,50311.71,,,,0.0,,,,
577,2023-08-01 00:00:00+00:00,,,,,,0,0,50212.453,,,,0.0,,,,
578,2023-08-02 00:00:00+00:00,,,,,,0,0,50111.984,,,,0.0,,,,
579,2023-08-03 00:00:00+00:00,,,,,,0,0,50010.395,,,,0.0,,,,
580,2023-08-04 00:00:00+00:00,,,,,,0,0,49907.785,,,,0.0,,,,
581,2023-08-05 00:00:00+00:00,,,,,,0,0,49804.246,,,,0.0,,,,
582,2023-08-06 00:00:00+00:00,,,,,,0,0,49699.72,,,,0.0,,,,
583,2023-08-07 00:00:00+00:00,,,,,,0,0,49593.375,,,,0.0,,,,
584,2023-08-08 00:00:00+00:00,,,,,,0,0,49485.184,,,,0.0,,,,
585,2023-08-09 00:00:00+00:00,,,,,,0,0,49375.25,,,,0.0,,,,
586,2023-08-10 00:00:00+00:00,,,,,,0,0,49263.7,,,,0.0,,,,
587,2023-08-11 00:00:00+00:00,,,,,,0,0,49150.64,,,,0.0,,,,
588,2023-08-12 00:00:00+00:00,,,,,,0,0,49036.184,,,,0.0,,,,
589,2023-08-13 00:00:00+00:00,,,,,,0,0,48920.44,,,,0.0,,,,
590,2023-08-14 00:00:00+00:00,,,,,,0,0,48803.516,,,,0.0,,,,
591,2023-08-15 00:00:00+00:00,,,,,,0,0,48685.51,,,,0.0,,,,
592,2023-08-16 00:00:00+00:00,,,,,,0,0,48566.53,,,,0.0,,,,
593,2023-08-17 00:00:00+00:00,,,,,,0,0,48446.684,,,,0.0,,,,
594,2023-08-18 00:00:00+00:00,,,,,,0,0,48326.05,,,,0.0,,,,
595,2023-08-19 00:00:00+00:00,,,,,,0,0,48204.746,,,,0.0,,,,
596,2023-08-20 00:00:00+00:00,,,,,,0,0,48082.855,,,,0.0,,,,
597,2023-08-21 00:00:00+00:00,,,,,,0,0,47960.473,,,,0.0,,,,
598,2023-08-22 00:00:00+00:00,,,,,,0,0,47837.69,,,,0.0,,,,
599,2023-08-23 00:00:00+00:00,,,,,,0,0,47714.6,,,,0.0,,,,
600,2023-08-24 00:00:00+00:00,,,,,,0,0,47591.29,,,,0.0,,,,
601,2023-08-25 00:00:00+00:00,,,,,,0,0,47467.848,,,,0.0,,,,
602,2023-08-26 00:00:00+00:00,,,,,,0,0,47344.2,,,,0.0,,,,
603,2023-08-27 00:00:00+00:00,,,,,,0,0,47219.48,,,,0.0,,,,
604,2023-08-28 00:00:00+00:00,,,,,,0,0,47093.617,,,,0.0,,,,
605,2023-08-29 00:00:00+00:00,,,,,,0,0,46966.715,,,,0.0,,,,
606,2023-08-30 00:00:00+00:00,,,,,,0,0,46838.87,,,,0.0,,,,
607,2023-08-31 00:00:00+00:00,,,,,,0,0,46710.168,,,,0.0,,,,
608,2023-09-01 00:00:00+00:00,,,,,,0,0,46580.715,,,,0.0,,,,
609,2023-09-02 00:00:00+00:00,,,,,,0,0,46450.586,,,,0.0,,,,
610,2023-09-03 00:00:00+00:00,,,,,,0,0,46319.875,,,,0.0,,,,
611,2023-09-04 00:00:00+00:00,,,,,,0,0,46188.668,,,,0.0,,,,
612,2023-09-05 00:00:00+00:00,,,,,,0,0,46057.06,,,,0.0,,,,
613,2023-09-06 00:00:00+00:00,,,,,,0,0,45925.125,,,,0.0,,,,
614,2023-09-07 00:00:00+00:00,,,,,,0,0,45792.95,,,,0.0,,,,
615,2023-09-08 00:00:00+00:00,,,,,,0,0,45660.613,,,,0.0,,,,
616,2023-09-09 00:00:00+00:00,,,,,,0,0,45528.203,,,,0.0,,,,
617,2023-09-10 00:00:00+00:00,,,,,,0,0,45395.797,,,,0.0,,,,
618,2023-09-11 00:00:00+00:00,,,,,,0,0,45263.477,,,,0.0,,,,
619,2023-09-12 00:00:00+00:00,,,,,,0,0,45131.32,,,,0.0,,,,
620,2023-09-13 00:00:00+00:00,,,,,,0,0,44999.41,,,,0.0,,,,
621,2023-09-14 00:00:00+00:00,,,,,,0,0,44867.82,,,,0.0,,,,
622,2023-09-15 00:00:00+00:00,,,,,,0,0,44736.47,,,,0.0,,,,
623,2023-09-16 00:00:00+00:00,,,,,,0,0,44604.477,,,,0.0,,,,
624,2023-09-17 00:00:00+00:00,,,,,,0,0,44471.766,,,,0.0,,,,
625,2023-09-18 00:00:00+00:00,,,,,,0,0,44338.426,,,,0.0,,,,
626,2023-09-19 00:00:00+00:00,,,,,,0,0,44204.543,,,,0.0,,,,
627,2023-09-20 00:00:00+00:00,,,,,,0,0,44070.195,,,,0.0,,,,
628,2023-09-21 00:00:00+00:00,,,,,,0,0,43935.477,,,,0.0,,,,
629,2023-09-22 00:00:00+00:00,,,,,,0,0,43800.46,,,,0.0,,,,
630,2023-09-23 00:00:00+00:00,,,,,,0,0,43665.24,,,,0.0,,,,
631,2023-09-24 00:00:00+00:00,,,,,,0,0,43529.89,,,,0.0,,,,
632,2023-09-25 00:00:00+00:00,,,,,,0,0,43394.508,,,,0.0,,,,
633,2023-09-26 00:00:00+00:00,,,,,,0,0,43259.156,,,,0.0,,,,
634,2023-09-27 00:00:00+00:00,,,,,,0,0,43123.934,,,,0.0,,,,
635,2023-09-28 00:00:00+00:00,,,,,,0,0,42988.918,,,,0.0,,,,
636,2023-09-29 00:00:00+00:00,,,,,,0,0,42854.19,,,,0.0,,,,
637,2023-09-30 00:00:00+00:00,,,,,,0,0,42719.84,,,,0.0,,,,
638,2023-10-01 00:00:00+00:00,,,,,,0,0,42585.945,,,,0.0,,,,
639,2023-10-02 00:00:00+00:00,,,,,,0,0,42452.598,,,,0.0,,,,
640,2023-10-03 00:00:00+00:00,,,,,,0,0,42319.875,,,,0.0,,,,
641,2023-10-04 00:00:00+00:00,,,,,,0,0,42187.863,,,,0.0,,,,
642,2023-10-05 00:00:00+00:00,,,,,,0,0,42056.48,,,,0.0,,,,
643,2023-10-06 00:00:00+00:00,,,,,,0,0,41924.77,,,,0.0,,,,
644,2023-10-07 00:00:00+00:00,,,,,,0,0,41792.652,,,,0.0,,,,
645,2023-10-08 00:00:00+00:00,,,,,,0,0,41660.215,,,,0.0,,,,
646,2023-10-09 00:00:00+00:00,,,,,,0,0,41527.56,,,,0.0,,,,
647,2023-10-10 00:00:00+00:00,,,,,,0,0,41394.773,,,,0.0,,,,
648,2023-10-11 00:00:00+00:00,,,,,,0,0,41261.97,,,,0.0,,,,
649,2023-10-12 00:00:00+00:00,,,,,,0,0,41129.227,,,,0.0,,,,
650,2023-10-13 00:00:00+00:00,,,,,,0,0,40996.65,,,,0.0,,,,
651,2023-10-14 00:00:00+00:00,,,,,,0,0,40864.336,,,,0.0,,,,
652,2023-10-15 00:00:00+00:00,,,,,,0,0,40732.383,,,,0.0,,,,
653,2023-10-16 00:00:00+00:00,,,,,,0,0,40600.895,,,,0.0,,,,
654,2023-10-17 00:00:00+00:00,,,,,,0,0,40469.98,,,,0.0,,,,
655,2023-10-18 00:00:00+00:00,,,,,,0,0,40339.727,,,,0.0,,,,
656,2023-10-19 00:00:00+00:00,,,,,,0,0,40210.258,,,,0.0,,,,
657,2023-10-20 00:00:00+00:00,,,,,,0,0,40081.668,,,,0.0,,,,
658,2023-10-21 00:00:00+00:00,,,,,,0,0,39954.07,,,,0.0,,,,
659,2023-10-22 00:00:00+00:00,,,,,,0,0,39827.57,,,,0.0,,,,
660,2023-10-23 00:00:00+00:00,,,,,,0,0,39702.29,,,,0.0,,,,
661,2023-10-24 00:00:00+00:00,,,,,,0,0,39578.336,,,,0.0,,,,
662,2023-10-25 00:00:00+00:00,,,,,,0,0,39455.637,,,,1.0,,,,
663,2023-10-26 00:00:00+00:00,1.0,22.2,13.3,21.55019,12.483244,0,0,39333.13,32604.88,0.0,0.0,0.0,6.12,352.28442,15.47,2.5872943
664,2023-10-27 00:00:00+00:00,1.0,21.9,13.5,22.437847,13.600645,0,0,39210.74,32943.957,0.0,0.0,0.0,5.6920996,311.63388,14.27,2.3625133
665,2023-10-28 00:00:00+00:00,51.0,19.35,13.1,19.892597,11.868015,0,0,39088.566,30497.639,0.70000005,0.0,5.0,11.525623,331.6905,13.05,2.3425026
666,2023-10-29 00:00:00+00:00,53.0,17.9,13.05,16.743557,11.866974,0,0,38966.734,25419.06,1.1,0.0,2.0,9.0645685,339.0976,9.22,1.7498547
667,2023-10-30 00:00:00+00:00,2.0,20.65,14.1,20.583439,13.488678,0,0,38845.36,32400.0,0.0,0.0,0.0,5.4119864,37.339596,13.62,2.2631686
668,2023-10-31 00:00:00+00:00,51.0,19.85,13.25,19.952168,12.960531,0,0,38724.555,24853.545,0.1,0.0,1.0,4.5536795,329.4704,9.88,1.6690742
669,2023-11-01 00:00:00+00:00,0.0,21.5,12.9,22.266497,12.610172,0,0,38604.438,32541.906,0.0,0.0,0.0,5.634891,209.89879,14.21,2.3155873
670,2023-11-02 00:00:00+00:00,0.0,23.55,12.9,23.631971,12.787756,0,0,38485.133,32519.633,0.0,0.0,0.0,4.896529,277.9434,14.6,2.4376612
671,2023-11-03 00:00:00+00:00,3.0,23.4,13.2,24.71071,13.726297,0,0,38366.76,32430.004,0.0,0.0,0.0,5.0142193,197.92801,14.3,2.368141
672,2023-11-04 00:00:00+00:00,2.0,25.4,15.55,27.040415,15.384642,0,0,38249.45,30480.738,0.0,0.0,0.0,5.4477882,330.94543,13.62,2.3832655
673,2023-11-05 00:00:00+00:00,61.0,22.05,16.1,23.554081,17.601553,0,0,38133.33,30708.945,2.3,0.0,2.0,5.3517847,344.44534,9.35,1.6344461
674,2023-11-06 00:00:00+00:00,65.0,24.2,20.3,26.443052,22.769855,0,0,38018.527,24785.148,25.3,0.0,7.0,16.981165,186.44798,8.16,1.846477
675,2023-11-07 00:00:00+00:00,61.0,24.85,13.75,27.80103,11.761614,0,0,37905.17,18787.578,2.3,0.0,2.0,14.003029,310.6443,6.64,1.8526928
676,2023-11-08 00:00:00+00:00,1.0,20.0,11.5,19.006298,10.244379,0,0,37793.406,32400.0,0.0,0.0,0.0,5.4477882,28.217249,13.87,2.2626085
677,2023-11-09 00:00:00+00:00,2.0,20.05,12.35,19.269619,11.859865,0,0,37683.367,30967.604,0.0,0.0,0.0,4.6938257,297.072,12.85,2.020805
678,2023-11-10 00:00:00+00:00,63.0,16.35,12.4,17.762684,8.908189,0,0,37575.184,4145.2656,13.5,0.0,10.0,15.496736,321.1305,3.48,0.9645582
679,2023-11-11 00:00:00+00:00,3.0,15.15,9.45,12.254871,7.3268967,0,0,37469.01,23590.543,0.0,0.0,0.0,14.24163,350.2577,8.49,1.7557328
680,2023-11-12 00:00:00+00:00,3.0,11.65,7.8,10.523272,5.242481,0,0,37364.99,13071.355,0.0,0.0,0.0,9.422101,358.2484,5.53,0.8753226
681,2023-11-13 00:00:00+00:00,2.0,13.95,7.9,11.004057,5.13416,0,0,37263.258,32102.84,0.0,0.0,0.0,11.770403,315.0001,8.87,1.8799888
682,2023-11-14 00:00:00+00:00,2.0,16.8,10.05,14.725052,7.8712387,0,0,37163.785,31443.242,0.0,0.0,0.0,6.638072,349.00372,13.15,2.0667021
683,2023-11-15 00:00:00+00:00,2.0,13.8,8.7,12.766016,7.0211325,0,0,37065.53,18224.229,0.0,0.0,0.0,7.5685663,348.11136,7.17,1.0979607
684,2023-11-16 00:00:00+00:00,65.0,16.55,10.35,15.438002,9.132626,0,0,36968.42,26459.412,23.300001,0.0,8.0,7.289444,5.0213685,11.89,1.7600482
685,2023-11-17 00:00:00+00:00,65.0,16.4,9.0,16.200352,6.4531956,0,0,36872.57,7483.4883,24.8,0.0,8.0,10.44,224.20804,3.23,0.89156455
686,2023-11-18 00:00:00+00:00,2.0,16.0,8.35,12.303373,4.69038,0,0,36778.09,25435.719,0.0,0.0,0.0,13.527572,235.70953,8.54,2.295881
687,2023-11-19 00:00:00+00:00,0.0,17.55,9.25,16.184017,6.9578514,0,0,36685.11,32400.0,0.0,0.0,0.0,8.913181,196.18929,12.75,2.0354683
688,2023-11-20 00:00:00+00:00,0.0,16.6,7.05,13.820955,4.69182,0,0,36593.742,32400.0,0.0,0.0,0.0,12.72283,335.7508,12.28,2.2544863
689,2023-11-21 00:00:00+00:00,1.0,16.5,8.65,15.032846,6.639681,0,0,36504.117,32400.0,0.0,0.0,0.0,6.849467,263.9276,11.55,1.668783
690,2023-11-22 00:00:00+00:00,51.0,18.25,10.4,17.55657,8.946047,0,0,36416.355,32400.0,0.5,0.0,2.0,3.9763298,346.4768,12.35,1.79139
691,2023-11-23 00:00:00+00:00,1.0,20.6,10.95,20.792154,9.959547,0,0,36330.58,32400.0,0.0,0.0,0.0,10.383987,212.43098,11.66,1.9033341
692,2023-11-24 00:00:00+00:00,0.0,23.35,7.5,23.057898,3.6347423,0,0,36246.926,32400.0,0.0,0.0,0.0,13.37825,334.811,12.14,2.870189
693,2023-11-25 00:00:00+00:00,3.0,12.15,5.85,8.885167,2.7971969,0,0,36165.51,,0.0,0.0,0.0,10.931203,341.75912,,
694,2023-11-26 00:00:00+00:00,3.0,7.8,5.65,6.4425735,2.7724218,0,0,36086.484,,0.0,0.0,0.0,7.172949,344.34293,,
695,2023-11-27 00:00:00+00:00,51.0,14.8,8.7,14.459082,6.972824,0,0,36009.96,,0.3,0.0,1.0,8.473393,228.15494,,
696,2023-11-28 00:00:00+00:00,1.0,21.0,7.3,20.122414,4.899252,0,0,35936.082,,0.0,0.0,0.0,10.594036,295.3847,,
697,2023-11-29 00:00:00+00:00,2.0,16.5,7.9,14.494587,5.4419184,0,0,35864.98,,0.0,0.0,0.0,6.439876,248.64899,,
698,2023-11-30 00:00:00+00:00,1.0,15.4,5.2,12.804827,2.2879333,0,0,35796.79,,0.0,0.0,0.0,11.841756,341.40665,,
699,2023-12-01 00:00:00+00:00,1.0,11.0,4.4,8.410648,1.6873374,0,0,35731.652,,0.0,0.0,0.0,6.151683,350.2725,,
700,2023-12-02 00:00:00+00:00,2.0,11.8,4.5,9.2085705,2.0054626,0,0,35669.695,,0.0,0.0,0.0,6.489992,343.36896,,
701,2023-12-03 00:00:00+00:00,0.0,14.6,6.35,11.970673,3.2099352,0,0,35611.066,,0.0,0.0,0.0,9.693296,310.0728,,
702,2023-12-04 00:00:00+00:00,3.0,13.0,5.1,10.567437,2.211213,0,0,35555.77,,0.0,0.0,0.0,6.87779,352.4292,,
703,2023-12-05 00:00:00+00:00,53.0,9.45,6.55,6.7698917,3.7631369,0,0,35503.125,,1.4000001,0.0,4.0,8.217153,338.00064,,
704,2023-12-06 00:00:00+00:00,2.0,15.6,7.95,14.177078,6.768654,0,0,35453.074,,0.0,0.0,0.0,7.2359104,99.78259,,
705,2023-12-07 00:00:00+00:00,0.0,19.1,6.4,16.112173,3.659483,0,0,35405.68,,0.0,0.0,0.0,12.738099,300.91165,,
706,2023-12-08 00:00:00+00:00,1.0,15.9,5.9,13.798941,4.0616856,0,0,35360.99,,0.0,0.0,0.0,5.0528407,255.30258,,
707,2023-12-09 00:00:00+00:00,2.0,16.35,6.6,15.7056675,4.4956465,0,0,35319.07,,0.0,0.0,0.0,5.2416787,334.4401,,
708,2023-12-10 00:00:00+00:00,3.0,17.8,9.6,16.819485,7.9189663,0,0,35279.977,,0.0,0.0,0.0,6.924738,347.21475,,
709,2023-12-11 00:00:00+00:00,63.0,15.25,9.2,14.571318,8.206138,0,0,35243.76,,18.099998,0.0,9.0,6.638072,3.7860332,,
710,2023-12-12 00:00:00+00:00,63.0,15.05,8.15,14.66585,4.968375,0,0,35210.492,,5.3,0.0,6.0,10.636766,346.87466,,
711,2023-12-13 00:00:00+00:00,1.0,14.45,5.75,11.200204,3.0357609,0,0,35180.22,,0.0,0.0,0.0,9.178235,338.53055,,
712,2023-12-14 00:00:00+00:00,53.0,12.9,5.95,10.861028,3.489503,0,0,35152.992,,0.70000005,0.0,3.0,6.830519,341.68356,,
713,2023-12-15 00:00:00+00:00,51.0,19.15,6.45,19.773973,4.518298,0,0,35128.867,,0.5,0.0,2.0,17.068707,219.8509,,
714,2023-12-16 00:00:00+00:00,3.0,20.65,9.2,21.850668,6.124918,0,0,35107.906,,0.0,0.0,0.0,12.984975,239.54454,,
715,2023-12-17 00:00:00+00:00,1.0,12.3,2.95,8.441894,-0.92709446,0,0,35090.15,,0.0,0.0,0.0,11.113451,333.82806,,
716,2023-12-18 00:00:00+00:00,2.0,9.75,2.75,5.899603,-0.53552485,0,0,35075.652,,0.0,0.0,0.0,9.47012,344.2679,,
717,2023-12-19 00:00:00+00:00,2.0,8.95,4.2,5.9739313,0.94572926,0,0,35064.46,,0.0,0.0,0.0,4.73506,343.74957,,
718,2023-12-20 00:00:00+00:00,0.0,12.75,5.2,10.3575735,2.1684341,0,0,35056.633,,0.0,0.0,0.0,7.9932966,245.05606,,
719,2023-12-21 00:00:00+00:00,0.0,11.9,1.05,7.8170204,-2.4462442,0,0,35052.195,,0.0,0.0,0.0,9.983106,266.3762,,
720,2023-12-22 00:00:00+00:00,1.0,9.25,0.75,5.6431646,-2.6487522,0,0,35051.22,,0.0,0.0,0.0,9.220499,292.82376,,
721,2023-12-23 00:00:00+00:00,1.0,8.9,1.8,5.4624805,-1.4611347,0,0,35053.723,,0.0,0.0,0.0,6.162207,345.9637,,
722,2023-12-24 00:00:00+00:00,1.0,8.6,1.85,5.8691607,-0.98211384,0,0,35059.773,,0.0,0.0,0.0,5.6002855,320.2855,,
723,2023-12-25 00:00:00+00:00,0.0,11.25,2.9,8.416984,-0.24332762,0,0,35069.402,,0.0,0.0,0.0,6.618519,339.41547,,
724,2023-12-26 00:00:00+00:00,1.0,11.6,4.85,9.173456,1.8343077,0,0,35082.57,,0.0,0.0,0.0,8.373386,314.7562,,
725,2023-12-27 00:00:00+00:00,1.0,11.5,3.2,8.431654,-0.3391602,0,0,35099.207,,0.0,0.0,0.0,9.793059,338.8647,,
726,2023-12-28 00:00:00+00:00,1.0,9.35,2.8,6.596058,-0.30559015,0,0,35119.266,,0.0,0.0,0.0,6.725354,343.44284,,
727,2023-12-29 00:00:00+00:00,1.0,13.25,4.3,10.699284,1.3113971,0,0,35142.68,,0.0,0.0,0.0,7.289444,347.16702,,
728,2023-12-30 00:00:00+00:00,51.0,12.95,5.0,10.869377,2.563847,0,0,35169.37,,0.7,0.0,3.0,5.8603754,337.5669,,
729,2023-12-31 00:00:00+00:00,51.0,11.7,4.85,10.529413,2.3646326,0,0,35199.297,,0.3,0.0,2.0,16.199999,330.07547,,
730,2024-01-01 00:00:00+00:00,1.0,10.65,1.85,6.8217,-1.4804306,0,0,35232.375,,0.0,0.0,0.0,15.807239,337.32587,,
731,2024-01-02 00:00:00+00:00,3.0,8.15,2.8,6.0258703,0.021560192,0,0,35268.55,,0.0,0.0,0.0,5.692099,331.11353,,
732,2024-01-03 00:00:00+00:00,53.0,11.1,5.3,8.95164,2.7078924,0,0,35307.75,,1.0,0.0,3.0,11.298495,333.84332,,
733,2024-01-04 00:00:00+00:00,51.0,12.8,1.7,8.828758,-1.4330015,0,0,35349.906,,0.1,0.0,1.0,14.57889,335.3341,,
734,2024-01-05 00:00:00+00:00,0.0,12.05,2.45,10.224322,-0.3335898,0,0,35394.953,,0.0,0.0,0.0,5.0142193,287.76096,,
735,2024-01-06 00:00:00+00:00,0.0,14.0,5.1,11.5508795,2.2851405,0,0,35442.816,,0.0,0.0,0.0,10.990322,325.66974,,
736,2024-01-07 00:00:00+00:00,2.0,10.8,2.75,8.05268,-1.1807597,0,0,35493.426,,0.0,0.0,0.0,12.031756,326.913,,
737,2024-01-08 00:00:00+00:00,2.0,8.1,0.3,3.7694025,-3.333769,0,0,35546.715,,0.0,0.0,0.0,11.720751,333.94153,,
738,2024-01-09 00:00:00+00:00,0.0,9.9,1.8,7.1858397,-1.3218277,0,0,35602.61,,0.0,0.0,0.0,4.39436,298.8626,,
739,2024-01-10 00:00:00+00:00,3.0,11.45,2.5,8.269791,-1.6237512,0,0,35661.047,,0.0,0.0,0.0,9.746631,351.90454,,
740,2024-01-11 00:00:00+00:00,3.0,7.3,-0.15,3.4745579,-3.2469516,0,0,35721.953,,0.0,0.0,0.0,10.041354,338.69727,,
741,2024-01-12 00:00:00+00:00,1.0,12.6,2.05,9.9423895,-1.2556,0,0,35785.25,,0.0,0.0,0.0,6.830519,339.97955,,
742,2024-01-13 00:00:00+00:00,61.0,10.25,1.05,7.6446524,-2.9047108,0,0,35851.023,,4.2000003,0.0,4.0,13.910169,344.60437,,
743,2024-01-14 00:00:00+00:00,1.0,10.0,2.8,6.258445,-0.5118103,0,0,35919.992,,0.0,0.0,0.0,12.57426,208.26967,,
744,2024-01-15 00:00:00+00:00,0.0,9.4,1.4,5.318617,-3.0022724,0,0,35992.16,,0.0,0.0,0.0,16.179987,333.0186,,
745,2024-01-16 00:00:00+00:00,1.0,5.5,1.3,0.29533672,-2.3201783,0,0,36067.38,,0.0,0.0,0.0,15.856354,321.97675,,
746,2024-01-17 00:00:00+00:00,1.0,10.65,2.4,7.6321573,-0.7711992,0,0,36145.516,,0.0,0.0,0.0,6.638072,321.96817,,
747,2024-01-18 00:00:00+00:00,3.0,12.6,4.45,10.146935,1.33882,0,0,36226.426,,0.0,0.0,0.0,7.072878,347.35782,,
748,2024-01-19 00:00:00+00:00,2.0,13.2,3.3,10.730652,-0.018556595,0,0,36309.957,,0.0,0.0,0.0,7.9526596,33.43106,,
749,2024-01-20 00:00:00+00:00,63.0,6.45,3.55,3.271967,0.31229258,0,0,36395.977,,19.9,0.0,17.0,11.525623,343.1682,,
750,2024-01-21 00:00:00+00:00,63.0,11.55,5.05,8.682072,2.3127422,0,0,36484.35,,11.6,0.0,7.0,13.089354,337.8812,,
751,2024-01-22 00:00:00+00:00,3.0,13.9,4.75,12.439903,2.8563323,0,0,36574.938,,0.0,0.0,0.0,7.5942073,241.69925,,
752,2024-01-23 00:00:00+00:00,2.0,12.1,2.2,8.979463,-1.8218775,0,0,36667.605,,0.0,0.0,0.0,9.585739,317.0381,,
753,2024-01-24 00:00:00+00:00,2.0,6.6,-0.55,1.8668313,-4.4876003,0,0,36762.22,,0.0,0.0,0.0,11.753876,299.32034,,
754,2024-01-25 00:00:00+00:00,0.0,7.8,2.5,2.942739,-2.0585308,0,0,36858.65,,0.0,0.0,0.0,13.044722,311.03522,,
755,2024-01-26 00:00:00+00:00,0.0,9.5,2.8,5.13126,-1.3293192,0,0,36956.758,,0.0,0.0,0.0,12.55879,322.87082,,
756,2024-01-27 00:00:00+00:00,2.0,10.45,1.65,6.5832787,-1.8586626,0,0,37056.43,,0.0,0.0,0.0,11.246759,337.9143,,
757,2024-01-28 00:00:00+00:00,2.0,9.4,2.55,6.2842426,-0.9131341,0,0,37157.535,,0.0,0.0,0.0,6.9899354,345.68066,,
758,2024-01-29 00:00:00+00:00,2.0,10.05,2.15,7.1333055,-1.2435226,0,0,37259.95,,0.0,0.0,0.0,6.519877,16.847254,,
759,2024-01-30 00:00:00+00:00,0.0,11.6,1.4,8.69354,-1.8400583,0,0,37363.55,,0.0,0.0,0.0,5.815978,349.8622,,
760,2024-01-31 00:00:00+00:00,53.0,12.3,4.2,10.4542265,1.1885886,0,0,37468.227,,1.2,0.0,3.0,9.19939,279.46225,,
761,2024-02-01 00:00:00+00:00,3.0,13.95,2.15,11.04018,-1.8527257,0,0,37573.85,,0.0,0.0,0.0,14.118243,342.38483,,
762,2024-02-02 00:00:00+00:00,2.0,6.85,2.5,3.5913243,-1.8334098,0,0,37680.51,,0.0,0.0,0.0,10.883676,341.36807,,
763,2024-02-03 00:00:00+00:00,63.0,9.7,2.2,6.849684,-0.6737461,0,0,37789.27,,6.8,0.0,6.0,9.255571,353.76978,,
764,2024-02-04 00:00:00+00:00,53.0,6.85,3.1,4.390811,-0.74061966,0,0,37900.184,,1.9,0.0,3.0,7.928178,357.31027,,
765,2024-02-05 00:00:00+00:00,63.0,4.15,0.65,0.99329805,-3.3530846,0,0,38013.105,,30.5,0.0,12.0,14.24163,348.185,,
766,2024-02-06 00:00:00+00:00,51.0,5.4,1.15,3.0647159,-1.701561,0,0,38127.89,,1.4000001,0.0,6.0,11.304229,5.0276523,,
767,2024-02-07 00:00:00+00:00,3.0,9.25,2.3,6.680069,-0.7061057,0,0,38244.395,,0.0,0.0,0.0,5.95906,343.7523,,
768,2024-02-08 00:00:00+00:00,2.0,10.0,2.5,6.4958324,-0.8255172,0,0,38362.48,,0.0,0.0,0.0,8.049845,346.99472,,
769,2024-02-09 00:00:00+00:00,2.0,9.8,1.7,6.7588882,-1.4305396,0,0,38482.008,,0.0,0.0,0.0,6.28713,5.5559535,,
770,2024-02-10 00:00:00+00:00,51.0,10.75,3.4,7.943247,-0.042521954,0,0,38602.848,,0.1,0.0,1.0,8.891343,321.5348,,
771,2024-02-11 00:00:00+00:00,51.0,10.8,2.4,8.007678,-0.5473299,0,0,38724.86,,0.2,0.0,1.0,8.825508,351.55423,,
772,2024-02-12 00:00:00+00:00,0.0,11.1,0.7,7.4919825,-2.40133,0,0,38847.93,,0.0,0.0,0.0,9.028754,338.96237,,
773,2024-02-13 00:00:00+00:00,0.0,15.55,2.4,12.812712,-0.51463246,0,0,38971.914,,0.0,0.0,0.0,9.693296,235.16678,,
774,2024-02-14 00:00:00+00:00,3.0,15.75,3.9,13.671295,1.1436973,0,0,39096.703,,0.0,0.0,0.0,5.692099,253.95998,,
775,2024-02-15 00:00:00+00:00,51.0,19.2,6.25,18.574652,1.0306034,0,0,39222.156,30882.912,0.5,0.0,2.0,19.022177,241.98216,12.88,2.4977014
776,2024-02-16 00:00:00+00:00,1.0,12.0,1.4,8.746756,-2.3263886,0,0,39348.17,35821.65,0.0,0.0,0.0,16.45007,0.9197581,16.49,2.361684
777,2024-02-17 00:00:00+00:00,2.0,11.8,4.1,9.92762,0.4535637,0,0,39474.617,33693.36,0.0,0.0,0.0,7.771331,349.9457,12.88,1.6272147
778,2024-02-18 00:00:00+00:00,3.0,15.8,8.4,14.4720745,6.602476,0,0,39601.387,30510.434,0.0,0.0,0.0,7.2,167.78429,13.58,2.0102913
779,2024-02-19 00:00:00+00:00,61.0,16.45,12.45,16.686686,11.613481,0,0,39728.355,1554.7872,4.5,0.0,8.0,14.205182,188.79617,4.25,0.95691234
780,2024-02-20 00:00:00+00:00,53.0,22.25,8.6,23.48177,6.7569513,0,0,39855.414,28853.648,0.7,0.0,2.0,7.5942082,40.171707,12.26,2.1388237
781,2024-02-21 00:00:00+00:00,63.0,8.05,4.85,5.908038,2.1509514,0,0,39982.457,0.0,11.0,0.0,14.0,8.089993,5.4402366,1.4,0.3804559
782,2024-02-22 00:00:00+00:00,61.0,5.35,1.3,2.8232555,-1.6560211,0,0,40109.566,0.0,11.499999,0.0,15.0,8.766573,28.161215,3.65,0.52941364
783,2024-02-23 00:00:00+00:00,55.0,3.15,1.4,0.038989067,-1.8544168,0,0,40237.816,3600.0,5.3,0.0,10.0,7.771331,18.62321,3.37,0.4361578
784,2024-02-24 00:00:00+00:00,3.0,9.05,2.15,6.440727,-1.2592142,0,0,40367.297,32400.0,0.0,0.0,0.0,7.42159,31.66375,16.97,2.099976
785,2024-02-25 00:00:00+00:00,61.0,6.75,2.7,2.6610537,-0.39915538,0,0,40497.895,2907.5886,10.5,0.0,19.0,12.397806,337.55533,4.38,0.6153568
786,2024-02-26 00:00:00+00:00,0.0,10.7,3.65,7.1433554,-1.4503112,0,0,40629.5,36000.0,0.0,0.0,0.0,17.873556,326.23203,17.44,2.9394534
787,2024-02-27 00:00:00+00:00,0.0,8.5,4.1,4.0953627,-0.23992825,0,0,40762.004,36000.0,0.0,0.0,0.0,19.586119,324.58795,18.14,2.7146294
788,2024-02-28 00:00:00+00:00,1.0,12.0,2.55,8.262463,-0.7499745,0,0,40895.297,36000.0,0.0,0.0,0.0,12.538134,336.44495,18.34,2.6278899
789,2024-02-29 00:00:00+00:00,63.0,11.15,3.65,9.089913,0.2011776,0,0,41029.273,28637.523,20.5,0.0,15.0,12.413477,16.82149,12.75,1.7055063
790,2024-03-01 00:00:00+00:00,3.0,14.9,3.3,12.321808,-1.3960645,0,0,41163.83,28999.59,0.0,0.0,0.0,14.021525,331.44867,14.16,2.3886929
791,2024-03-02 00:00:00+00:00,3.0,8.1,1.5,4.7544975,-2.1912043,0,0,41298.863,35037.984,0.0,0.0,0.0,12.55879,338.0751,17.82,2.366948
792,2024-03-03 00:00:00+00:00,0.0,11.45,2.1,8.50199,-0.88764095,0,0,41434.27,36000.0,0.0,0.0,0.0,8.669949,240.52419,18.54,2.4147537
793,2024-03-04 00:00:00+00:00,3.0,13.4,3.5,10.425104,0.8230839,0,0,41569.953,32400.0,0.0,0.0,0.0,9.346143,351.96634,17.39,2.5765376
794,2024-03-05 00:00:00+00:00,63.0,7.95,1.5,5.5001345,-2.394661,0,0,41705.812,2996.2896,34.0,0.0,17.0,12.7279215,358.4657,5.92,0.89485604
795,2024-03-06 00:00:00+00:00,51.0,7.25,3.7,4.6448812,0.032435417,0,0,41841.746,1112.0443,1.1,0.0,5.0,12.57426,349.59036,4.85,0.9626591
796,2024-03-07 00:00:00+00:00,63.0,9.65,0.75,6.7866955,-2.3280377,0,0,41977.656,32400.0,18.300001,0.0,9.0,7.2805495,45.163277,15.31,2.0316064
797,2024-03-08 00:00:00+00:00,61.0,8.55,1.0,6.7103224,-1.8811076,0,0,42113.453,21600.0,5.4000006,0.0,6.0,11.457958,346.51526,11.64,1.3859499
798,2024-03-09 00:00:00+00:00,1.0,9.35,1.9,5.560129,-1.7451506,0,0,42249.027,36647.203,0.0,0.0,0.0,14.4,327.60156,19.82,2.945457
799,2024-03-10 00:00:00+00:00,1.0,10.95,1.7,8.142542,-1.9360726,0,0,42384.29,36686.79,0.0,0.0,0.0,10.703569,336.39767,19.82,2.7973735
800,2024-03-11 00:00:00+00:00,51.0,12.35,4.85,9.828895,1.8927579,0,0,42519.145,32400.0,0.2,0.0,1.0,8.350138,196.14436,19.04,2.5209048
801,2024-03-12 00:00:00+00:00,65.0,8.45,4.7,6.5261316,2.4816046,0,0,42653.496,4466.08,31.900002,0.0,15.0,15.315873,333.21036,4.49,0.9482256
802,2024-03-13 00:00:00+00:00,1.0,12.1,3.75,8.703871,0.8917737,0,0,42787.426,36467.418,0.0,0.0,0.0,15.2947035,339.51392,19.39,2.813645
803,2024-03-14 00:00:00+00:00,0.0,13.8,5.0,11.918108,2.1901588,0,0,42921.92,37560.258,0.0,0.0,0.0,8.473393,257.3914,20.39,2.8567238
804,2024-03-15 00:00:00+00:00,0.0,15.45,7.55,13.634237,4.656434,0,0,43057.08,37617.1,0.0,0.0,0.0,10.440001,240.94543,20.74,3.1301203
805,2024-03-16 00:00:00+00:00,2.0,20.1,7.0,19.647112,5.2080793,0,0,43192.8,37064.906,0.0,0.0,0.0,8.373386,189.09012,21.01,3.348793
806,2024-03-17 00:00:00+00:00,3.0,20.55,6.15,20.476868,1.1096587,0,0,43329.01,34572.516,0.0,0.0,0.0,17.727943,293.471,17.38,3.458594
807,2024-03-18 00:00:00+00:00,2.0,10.5,3.7,6.948554,-0.5081141,0,0,43465.613,36000.0,0.0,0.0,0.0,18.837322,326.46194,21.23,3.2742589
808,2024-03-19 00:00:00+00:00,1.0,10.8,5.35,9.111301,2.5860748,0,0,43602.523,38417.066,0.0,0.0,0.0,9.826088,208.07236,19.32,2.7558827
809,2024-03-20 00:00:00+00:00,61.0,14.15,3.35,12.320652,-1.5200098,0,0,43739.656,28095.328,2.8000002,0.0,3.0,21.758419,315.99106,14.81,2.850604
810,2024-03-21 00:00:00+00:00,0.0,9.1,2.05,5.7210846,-2.0720515,0,0,43876.92,39260.117,0.0,0.0,0.0,15.277749,329.3598,22.15,3.0924277
811,2024-03-22 00:00:00+00:00,2.0,10.75,2.15,7.2400312,-1.2759235,0,0,44014.24,32614.502,0.0,0.0,0.0,11.4862,330.40146,21.49,2.8137286
812,2024-03-23 00:00:00+00:00,61.0,5.9,2.6,3.9975424,0.033703327,0,0,44151.52,8560.387,6.2,0.0,8.0,6.162207,337.4258,5.85,0.71616447
813,2024-03-24 00:00:00+00:00,61.0,14.5,8.05,13.451181,6.380414,0,0,44288.67,16471.602,5.5,0.0,10.0,5.937272,40.68386,10.57,1.6555969
814,2024-03-25 00:00:00+00:00,55.0,10.5,9.25,9.85371,8.051029,0,0,44425.613,0.0,3.5,0.0,13.0,5.771239,344.5479,2.34,0.48228523
815,2024-03-26 00:00:00+00:00,63.0,10.1,4.85,8.791093,0.9643078,0,0,44562.258,6816.468,34.2,0.0,15.0,16.854767,354.29877,4.18,0.7681776
816,2024-03-27 00:00:00+00:00,3.0,15.3,5.75,13.286789,3.3554068,0,0,44698.51,32792.883,0.0,0.0,0.0,10.823973,351.7853,21.49,3.1519723
817,2024-03-28 00:00:00+00:00,61.0,14.3,7.55,12.430693,4.898344,0,0,44834.29,9658.345,8.799999,0.0,12.0,19.386591,159.46776,8.76,1.5607605
818,2024-03-29 00:00:00+00:00,63.0,20.6,10.65,22.717735,10.000566,0,0,44969.492,18000.0,11.799999,0.0,4.0,19.70815,201.59099,7.82,1.340951
819,2024-03-30 00:00:00+00:00,3.0,24.1,10.6,25.462904,9.944474,0,0,45104.04,39600.0,0.0,0.0,0.0,9.885262,199.39786,22.42,3.8764088
820,2024-03-31 00:00:00+00:00,63.0,26.45,10.7,27.907566,9.653273,0,0,45237.84,32400.0,9.3,0.0,4.0,6.849467,350.77615,20.7,3.9052017
821,2024-04-01 00:00:00+00:00,51.0,17.55,6.3,17.724916,3.5055141,0,0,45370.797,35992.95,0.1,0.0,1.0,7.8954163,1.8475573,18.31,2.8870764
